student_id,first_name,last_name,age,email,country,postal_code,dropout_reason,dropout_date,dropout_status
1,Ailee,Lowton,21,alowton0@meetup.com,Japan,745-0402,personal reasons,10/5/2020,false
2,Elnar,Ells,23,eells1@google.ru,Russia,238548,financial constraints,10/24/2020,false
3,Isa,Chitty,21,ichitty2@ebay.com,Russia,692150,personal reasons,4/18/2021,true
4,Ferd,Taudevin,19,ftaudevin3@surveymonkey.com,Peru,,personal reasons,10/21/2021,false
5,Viola,Girk,25,vgirk4@technorati.com,China,,academic difficulties,7/25/2021,true
6,Katha,Stroder,23,kstroder5@gravatar.com,Russia,140074,academic difficulties,5/8/2020,false
7,Romola,Shelly,23,rshelly6@devhub.com,Poland,39-204,academic difficulties,12/28/2020,true
8,Elane,Ivanikov,25,eivanikov7@shop-pro.jp,Indonesia,,financial constraints,2/18/2021,false
9,Niall,Tolman,19,ntolman8@domainmarket.com,China,,financial constraints,2/8/2020,false
10,Ryun,Hendrikse,23,rhendrikse9@linkedin.com,China,,personal reasons,1/12/2021,true
11,Kasper,Reinisch,20,kreinischa@php.net,Philippines,6311,personal reasons,9/14/2020,false
12,Cory,McParland,18,cmcparlandb@pcworld.com,France,13503 CEDEX,personal reasons,10/6/2020,true
13,Lorene,Shapcott,23,lshapcottc@joomla.org,China,,personal reasons,10/9/2020,true
14,Basilio,Jemison,20,bjemisond@latimes.com,Philippines,6711,financial constraints,12/8/2020,false
15,Daron,Stenson,19,dstensone@webeden.co.uk,France,34087 CEDEX 4,academic difficulties,10/26/2020,true
16,Ruttger,Hartness,19,rhartnessf@xinhuanet.com,Kiribati,,financial constraints,2/24/2021,false
17,Deane,Walby,24,dwalbyg@java.com,China,,personal reasons,6/24/2020,true
18,Paulo,Touhig,25,ptouhigh@cornell.edu,Estonia,,financial constraints,11/11/2020,true
19,Cristen,Haken,22,chakeni@kickstarter.com,Brazil,24000-000,personal reasons,7/13/2020,false
20,Whitby,Lethbury,20,wlethburyj@posterous.com,Russia,144005,academic difficulties,12/22/2021,true
21,Shalom,Gladdin,23,sgladdink@usda.gov,Belgium,6042,financial constraints,9/26/2020,true
22,Malynda,Diggins,20,mdigginsl@merriam-webster.com,Bermuda,,personal reasons,5/14/2020,true
23,Hort,Iddenden,23,hiddendenm@princeton.edu,China,,personal reasons,3/30/2020,true
24,Lesya,Mushart,20,lmushartn@networksolutions.com,Luxembourg,L-8396,personal reasons,9/8/2020,false
25,Cybill,Willcocks,19,cwillcockso@woothemes.com,Kenya,,financial constraints,6/10/2021,true
26,Dasha,Josling,25,djoslingp@utexas.edu,Ireland,E25,academic difficulties,10/15/2020,true
27,Penrod,MacGaughie,20,pmacgaughieq@simplemachines.org,Brazil,63475-000,personal reasons,11/18/2021,true
28,Katee,Brazier,25,kbrazierr@mozilla.org,Indonesia,,academic difficulties,3/26/2021,false
29,Kiele,Cossom,18,kcossoms@vinaora.com,Indonesia,,academic difficulties,5/4/2020,true
30,Reynolds,Cussons,23,rcussonst@imageshack.us,Samoa,,financial constraints,6/19/2021,false
31,Berkley,Bengoechea,18,bbengoecheau@psu.edu,Canada,J7A,personal reasons,1/5/2021,false
32,Prince,Christol,19,pchristolv@biblegateway.com,Russia,646604,academic difficulties,5/18/2021,true
33,Nisse,Tearney,25,ntearneyw@webeden.co.uk,Guatemala,19004,financial constraints,8/17/2020,true
34,Court,Pretsell,18,cpretsellx@mit.edu,China,,financial constraints,8/7/2020,true
35,Sheree,Ramsbotham,21,sramsbothamy@taobao.com,Vietnam,,personal reasons,9/23/2020,true
36,Sibeal,Oakwood,22,soakwoodz@posterous.com,Indonesia,,personal reasons,3/4/2021,false
37,Madalyn,Nelligan,23,mnelligan10@blogger.com,Portugal,9000-005,academic difficulties,9/26/2020,false
38,Jobye,Hewertson,24,jhewertson11@wufoo.com,France,59208 CEDEX,financial constraints,1/8/2021,true
39,Jarid,Kingsnode,21,jkingsnode12@tinyurl.com,Honduras,,personal reasons,4/2/2021,true
40,Jacintha,Morrill,20,jmorrill13@i2i.jp,Democratic Republic of the Congo,,academic difficulties,6/16/2020,true
41,Hastings,Carlozzi,25,hcarlozzi14@privacy.gov.au,Greece,,academic difficulties,11/2/2020,true
42,Rainer,Lodwig,20,rlodwig15@pen.io,Guatemala,09024,financial constraints,10/1/2020,false
43,Amanda,O' Meara,22,aomeara16@chicagotribune.com,Mexico,88815,academic difficulties,7/26/2020,false
44,Renato,Korpolak,19,rkorpolak17@icq.com,Uganda,,personal reasons,6/9/2020,true
45,Peyter,Draxford,21,pdraxford18@seesaa.net,China,,academic difficulties,5/17/2020,true
46,Dewie,Kinningley,22,dkinningley19@chron.com,Portugal,4690-282,financial constraints,12/8/2020,false
47,Clovis,Lunam,25,clunam1a@last.fm,China,,financial constraints,1/20/2020,false
48,Elberta,Knappitt,20,eknappitt1b@mozilla.com,China,,academic difficulties,4/5/2020,false
49,Iggy,Stearne,25,istearne1c@utexas.edu,Lebanon,,academic difficulties,7/1/2020,false
50,Adi,Yanyshev,22,ayanyshev1d@zdnet.com,Ukraine,,financial constraints,1/21/2020,false
51,Minne,Conrath,23,mconrath1e@nba.com,Benin,,personal reasons,7/2/2020,false
52,Sibella,Dimnage,19,sdimnage1f@smugmug.com,China,,financial constraints,7/11/2020,false
53,Eustace,Sleeny,22,esleeny1g@blog.com,Pakistan,72100,academic difficulties,8/7/2020,false
54,Alexio,Rubenfeld,18,arubenfeld1h@example.com,Palestinian Territory,,personal reasons,3/4/2020,false
55,Caressa,Cheales,21,ccheales1i@360.cn,Ukraine,,personal reasons,4/7/2021,false
56,Jackelyn,McFaell,20,jmcfaell1j@youtube.com,Brazil,39680-000,financial constraints,11/1/2021,false
57,Kelly,Abyss,24,kabyss1k@accuweather.com,Sweden,686 91,academic difficulties,9/14/2020,false
58,Inge,Bocock,23,ibocock1l@furl.net,Indonesia,,financial constraints,9/30/2021,true
59,Brody,Simmonds,23,bsimmonds1m@nytimes.com,Republic of the Congo,,academic difficulties,3/19/2021,true
60,Christoph,Islip,25,cislip1n@ca.gov,Russia,461369,personal reasons,7/16/2020,false
61,Tabbitha,Tregensoe,19,ttregensoe1o@behance.net,Albania,,personal reasons,5/25/2021,true
62,Phillie,Alekseev,25,palekseev1p@usa.gov,Cambodia,,financial constraints,8/3/2020,true
63,Johannah,Simeons,19,jsimeons1q@qq.com,Brazil,55900-000,financial constraints,1/26/2020,true
64,Miquela,Valentin,23,mvalentin1r@pcworld.com,Indonesia,,personal reasons,5/13/2021,false
65,Stephannie,Courtney,25,scourtney1s@people.com.cn,Ukraine,,personal reasons,3/11/2021,false
66,Puff,Bachmann,23,pbachmann1t@etsy.com,China,,academic difficulties,2/7/2020,false
67,Yolane,Soppett,19,ysoppett1u@reverbnation.com,Indonesia,,financial constraints,5/8/2021,true
68,Sibylla,Medhurst,22,smedhurst1v@bing.com,Czech Republic,330 26,personal reasons,12/19/2020,false
69,Shauna,Jaynes,23,sjaynes1w@shutterfly.com,Canada,M3N,financial constraints,4/3/2021,false
70,Virge,Clemon,24,vclemon1x@kickstarter.com,China,,financial constraints,5/3/2020,false
71,Valera,Lochrie,24,vlochrie1y@quantcast.com,South Africa,0492,personal reasons,1/29/2020,false
72,Ameline,Eustis,24,aeustis1z@myspace.com,Japan,969-1619,academic difficulties,6/2/2021,false
73,Rickert,Treske,20,rtreske20@ocn.ne.jp,Madagascar,,financial constraints,11/16/2021,true
74,Sutherlan,Conneau,21,sconneau21@upenn.edu,Mali,,personal reasons,5/3/2020,false
75,Dulcinea,Burkett,19,dburkett22@sun.com,Indonesia,,personal reasons,3/27/2020,true
76,Imojean,Thirlwell,20,ithirlwell23@twitpic.com,Indonesia,,financial constraints,2/12/2021,false
77,Elisabetta,McFeat,22,emcfeat24@amazon.de,Mexico,94723,financial constraints,9/16/2020,true
78,Emeline,Sailer,18,esailer25@wordpress.com,Peru,,financial constraints,10/2/2020,true
79,Gwennie,Viccars,23,gviccars26@cloudflare.com,Germany,10715,academic difficulties,7/26/2020,false
80,Roddy,Linskill,22,rlinskill27@phoca.cz,South Africa,9732,personal reasons,8/21/2020,false
81,Carl,Clemetts,22,cclemetts28@loc.gov,Portugal,3025-353,financial constraints,8/22/2020,true
82,Wynnie,Kurt,25,wkurt29@hubpages.com,China,,personal reasons,8/6/2020,true
83,Arvie,Woollard,23,awoollard2a@huffingtonpost.com,China,,academic difficulties,9/24/2021,false
84,Valle,McVaugh,22,vmcvaugh2b@storify.com,Poland,46-100,academic difficulties,8/12/2021,true
85,Drona,McAlees,19,dmcalees2c@sphinn.com,China,,academic difficulties,1/1/2021,true
86,Taddeo,North,25,tnorth2d@baidu.com,Ukraine,,financial constraints,10/22/2020,true
87,Hazel,Dugald,22,hdugald2e@slate.com,Vietnam,,personal reasons,6/27/2021,false
88,Carmela,Driutti,24,cdriutti2f@diigo.com,Honduras,,financial constraints,8/28/2021,true
89,Son,Jopp,24,sjopp2g@bloglines.com,Japan,321-2342,financial constraints,3/24/2020,true
90,Stan,Izachik,23,sizachik2h@cdc.gov,China,,financial constraints,1/23/2021,true
91,Dorelia,Conechie,21,dconechie2i@ovh.net,France,06239 CEDEX,academic difficulties,10/18/2020,false
92,Emmott,Beldan,22,ebeldan2j@nytimes.com,United States,01905,personal reasons,4/24/2021,true
93,Ronny,Poleykett,19,rpoleykett2k@chronoengine.com,Costa Rica,60306,financial constraints,5/1/2021,false
94,Audrie,Bellam,19,abellam2l@ftc.gov,Mauritius,,personal reasons,2/22/2021,true
95,Chan,Ghiriardelli,21,cghiriardelli2m@redcross.org,Venezuela,,personal reasons,5/1/2020,true
96,Gianina,Bendall,18,gbendall2n@bandcamp.com,France,95334 CEDEX,personal reasons,9/26/2021,true
97,Lodovico,Kachel,23,lkachel2o@independent.co.uk,Thailand,10560,academic difficulties,4/24/2021,false
98,Demeter,Wolver,24,dwolver2p@utexas.edu,China,,personal reasons,8/6/2021,false
99,Onfroi,Braunds,22,obraunds2q@discuz.net,Palestinian Territory,,academic difficulties,12/19/2020,false
100,Nikki,Worham,18,nworham2r@squarespace.com,Greece,,financial constraints,10/1/2020,false
101,Ethelda,Sleeford,25,esleeford2s@blogs.com,Poland,63-720,academic difficulties,2/16/2020,true
102,Jenda,Walicki,18,jwalicki2t@hexun.com,China,,financial constraints,1/7/2020,true
103,Danell,Stamps,20,dstamps2u@cnet.com,Iraq,,personal reasons,12/4/2021,true
104,Violante,Normant,21,vnormant2v@sciencedaily.com,North Korea,,financial constraints,4/9/2020,false
105,Ringo,Canto,24,rcanto2w@jugem.jp,Panama,,academic difficulties,4/7/2021,true
106,Caryl,Berndtssen,22,cberndtssen2x@privacy.gov.au,Chile,,personal reasons,7/1/2020,false
107,Shaw,Kroon,20,skroon2y@webnode.com,Indonesia,,academic difficulties,8/28/2020,true
108,Marlo,Gutowski,25,mgutowski2z@paypal.com,China,,academic difficulties,10/31/2021,true
109,Halie,Landall,20,hlandall30@cnet.com,North Korea,,academic difficulties,2/14/2020,true
110,Mathe,Theuff,19,mtheuff31@who.int,China,,academic difficulties,10/21/2020,true
111,Corrie,Dawidowsky,18,cdawidowsky32@twitpic.com,Indonesia,,personal reasons,10/20/2020,true
112,Berti,Trevethan,18,btrevethan33@tumblr.com,Ukraine,,financial constraints,11/16/2021,true
113,Ludwig,Bales,22,lbales34@un.org,France,37205 CEDEX 3,financial constraints,6/27/2021,true
114,Alidia,Tewkesberrie,20,atewkesberrie35@fda.gov,China,,personal reasons,12/26/2021,true
115,Trumann,Bygate,21,tbygate36@hhs.gov,Finland,77580,academic difficulties,12/2/2020,false
116,Enid,Martinat,18,emartinat37@mozilla.com,Indonesia,,financial constraints,2/4/2020,false
117,Trumann,Sannes,24,tsannes38@europa.eu,Nigeria,,personal reasons,12/17/2020,false
118,Gavrielle,Tibols,23,gtibols39@edublogs.org,Brazil,88000-000,financial constraints,12/10/2021,true
119,Milton,Lissett,23,mlissett3a@arizona.edu,China,,financial constraints,9/4/2020,false
120,Katherine,Grzelak,23,kgrzelak3b@virginia.edu,France,14409 CEDEX,academic difficulties,1/22/2020,true
121,Vevay,Lantiff,23,vlantiff3c@techcrunch.com,Guatemala,12006,financial constraints,5/4/2021,false
122,Bailey,Larrad,24,blarrad3d@vistaprint.com,Thailand,45000,financial constraints,2/6/2021,true
123,Rosa,Redhole,20,rredhole3e@bravesites.com,Indonesia,,academic difficulties,5/24/2021,true
124,Falito,Muzzlewhite,22,fmuzzlewhite3f@bigcartel.com,China,,academic difficulties,9/21/2020,false
125,Franni,Kier,19,fkier3g@toplist.cz,Japan,700-0904,personal reasons,12/14/2021,false
126,Aurie,Jeanequin,21,ajeanequin3h@ftc.gov,Portugal,2530-342,financial constraints,3/11/2021,false
127,Heinrick,Mathewson,24,hmathewson3i@java.com,China,,academic difficulties,8/18/2021,true
128,Carmine,Rief,24,crief3j@ftc.gov,China,,academic difficulties,3/17/2020,false
129,Wallis,Wetton,21,wwetton3k@wikispaces.com,Netherlands,6404,academic difficulties,12/15/2021,false
130,Mersey,Philips,18,mphilips3l@fc2.com,Ivory Coast,,financial constraints,11/2/2021,true
131,Karlens,Engelmann,18,kengelmann3m@hc360.com,Philippines,6525,personal reasons,10/22/2020,true
132,Carl,Littlewood,20,clittlewood3n@reuters.com,China,,personal reasons,4/18/2020,false
133,Melva,Vasyatkin,20,mvasyatkin3o@printfriendly.com,China,,academic difficulties,6/22/2020,true
134,Karena,Normabell,23,knormabell3p@storify.com,Cuba,,financial constraints,3/15/2020,true
135,Sterling,Shepheard,21,sshepheard3q@va.gov,Spain,43071,financial constraints,8/22/2020,false
136,Bree,O'Geaney,19,bogeaney3r@networksolutions.com,Honduras,,financial constraints,11/28/2020,true
137,Bert,Woolger,22,bwoolger3s@acquirethisname.com,Hong Kong,,financial constraints,9/24/2020,false
138,Edd,O' Mahony,23,eomahony3t@bloomberg.com,Russia,186932,financial constraints,4/6/2021,false
139,Natala,L'Hommee,24,nlhommee3u@elegantthemes.com,Peru,,academic difficulties,4/17/2021,false
140,Susanetta,Foxen,18,sfoxen3v@stumbleupon.com,Mongolia,,financial constraints,1/19/2020,false
141,Jenilee,Espinoza,18,jespinoza3w@netvibes.com,China,,academic difficulties,7/17/2020,false
142,Lenore,Maling,24,lmaling3x@berkeley.edu,China,,financial constraints,10/3/2021,true
143,Ricardo,Mattson,21,rmattson3y@phoca.cz,Peru,,financial constraints,9/9/2020,true
144,Querida,Oades,19,qoades3z@biblegateway.com,Indonesia,,financial constraints,1/28/2020,false
145,Tally,Tofful,19,ttofful40@ning.com,China,,financial constraints,5/9/2020,false
146,Phillida,Mussilli,21,pmussilli41@ning.com,Indonesia,,financial constraints,3/16/2021,false
147,Stanwood,Batch,24,sbatch42@rakuten.co.jp,Ethiopia,,academic difficulties,4/20/2021,true
148,Jonell,Culleford,23,jculleford43@over-blog.com,Portugal,2970-137,personal reasons,11/2/2021,false
149,Yank,Dyson,21,ydyson44@360.cn,Cyprus,,financial constraints,1/27/2021,true
150,Henka,Roome,25,hroome45@ask.com,Indonesia,,academic difficulties,2/15/2021,false
151,Innis,Dobbings,19,idobbings46@dagondesign.com,Sweden,633 47,personal reasons,4/19/2020,false
152,Sterne,Tallowin,20,stallowin47@cloudflare.com,Philippines,2816,personal reasons,8/2/2021,true
153,Grantham,Walsham,25,gwalsham48@buzzfeed.com,Indonesia,,personal reasons,9/26/2021,true
154,Munroe,Livoir,18,mlivoir49@surveymonkey.com,Cuba,,personal reasons,1/16/2021,false
155,Norah,Fumagalli,18,nfumagalli4a@salon.com,Honduras,,academic difficulties,10/16/2021,false
156,Kit,Skettles,23,kskettles4b@addthis.com,Jordan,,personal reasons,8/2/2021,true
157,Taddeusz,Bragg,19,tbragg4c@ibm.com,Hungary,6004,academic difficulties,12/8/2021,true
158,Kevon,Smaling,19,ksmaling4d@auda.org.au,Mongolia,,financial constraints,11/26/2021,false
159,Donelle,Ross,24,dross4e@themeforest.net,Czech Republic,763 11,financial constraints,7/13/2020,true
160,Saree,Ashness,19,sashness4f@time.com,France,06928 CEDEX,personal reasons,2/22/2021,false
161,Kat,Farquarson,18,kfarquarson4g@google.cn,Indonesia,,personal reasons,1/3/2021,true
162,Kara-lynn,Coucha,18,kcoucha4h@blinklist.com,Japan,958-0224,financial constraints,12/26/2020,true
163,Arnuad,Langford,21,alangford4i@thetimes.co.uk,Portugal,5470-332,financial constraints,2/3/2020,false
164,Vance,Praton,18,vpraton4j@fotki.com,Indonesia,,financial constraints,12/20/2021,false
165,Fabian,Tellenbrok,18,ftellenbrok4k@apple.com,Norway,1304,academic difficulties,8/20/2020,false
166,Elbertine,Po,19,epo4l@google.com.au,Azerbaijan,,financial constraints,12/20/2021,true
167,Andriana,Glackin,22,aglackin4m@bravesites.com,Philippines,2021,academic difficulties,8/16/2020,false
168,Itch,Goldbourn,25,igoldbourn4n@telegraph.co.uk,Brazil,35540-000,academic difficulties,11/28/2020,false
169,Dominica,Dotterill,22,ddotterill4o@cbsnews.com,Argentina,5570,personal reasons,6/29/2020,false
170,Kris,Adamiak,18,kadamiak4p@devhub.com,Uzbekistan,,personal reasons,6/29/2020,false
171,Connor,Simonitto,19,csimonitto4q@delicious.com,China,,personal reasons,8/11/2021,true
172,Marabel,Shear,23,mshear4r@mit.edu,Philippines,2905,personal reasons,1/16/2020,true
173,Nomi,Kington,23,nkington4s@census.gov,Canada,B2V,financial constraints,1/24/2020,true
174,Cullan,Del Monte,21,cdelmonte4t@auda.org.au,South Korea,,financial constraints,4/24/2021,true
175,Damian,Borrow,22,dborrow4u@merriam-webster.com,Brazil,17860-000,personal reasons,6/3/2020,false
176,Birch,Oertzen,19,boertzen4v@yahoo.com,China,,personal reasons,1/27/2021,false
177,Kimmi,MacSherry,22,kmacsherry4w@google.com.br,China,,academic difficulties,8/28/2020,false
178,Griswold,Welds,18,gwelds4x@wiley.com,Peru,,academic difficulties,10/12/2020,true
179,Sofie,Richold,19,srichold4y@blogs.com,Indonesia,,academic difficulties,10/27/2020,true
180,Jourdan,D'Acth,18,jdacth4z@businesswire.com,Indonesia,,financial constraints,11/24/2021,true
181,Wilhelmina,Shutt,18,wshutt50@posterous.com,Philippines,6401,academic difficulties,7/17/2021,false
182,Clywd,Danett,18,cdanett51@sciencedirect.com,Norway,2212,academic difficulties,8/5/2021,true
183,Grove,Kellen,21,gkellen52@deviantart.com,Colombia,633008,personal reasons,4/27/2020,true
184,Deena,Bugdale,20,dbugdale53@abc.net.au,Indonesia,,financial constraints,5/27/2021,true
185,Gloriana,Fullom,23,gfullom54@ucoz.ru,Ukraine,,financial constraints,11/11/2020,false
186,Angy,Stanfield,22,astanfield55@mtv.com,Guinea,,financial constraints,10/19/2021,false
187,Garland,Baudi,22,gbaudi56@newyorker.com,France,93017 CEDEX,personal reasons,2/27/2021,false
188,Frederik,Yedy,20,fyedy57@engadget.com,Afghanistan,,financial constraints,5/28/2020,true
189,Phillipe,De Cleyne,24,pdecleyne58@cocolog-nifty.com,Russia,692854,academic difficulties,5/21/2021,false
190,Hilary,Behan,18,hbehan59@dell.com,China,,financial constraints,6/6/2020,true
191,Donella,Bundock,23,dbundock5a@bizjournals.com,Japan,929-0323,financial constraints,3/7/2021,false
192,Luke,Clixby,23,lclixby5b@odnoklassniki.ru,Norway,3798,personal reasons,3/16/2020,false
193,Evered,Gerritsma,19,egerritsma5c@instagram.com,Russia,692175,personal reasons,4/8/2021,false
194,Kelley,Cluely,20,kcluely5d@usatoday.com,Argentina,5903,personal reasons,8/5/2021,true
195,Chere,Porte,24,cporte5e@blogger.com,China,,academic difficulties,6/26/2021,false
196,Itch,Horbart,24,ihorbart5f@reference.com,Indonesia,,academic difficulties,10/22/2021,true
197,Eugen,Petracek,25,epetracek5g@typepad.com,Indonesia,,financial constraints,12/18/2020,true
198,Shepherd,Leather,20,sleather5h@wufoo.com,Indonesia,,academic difficulties,6/9/2021,true
199,Averil,Risman,19,arisman5i@github.com,China,,academic difficulties,6/24/2020,true
200,Abel,Dougary,25,adougary5j@dropbox.com,Indonesia,,financial constraints,2/5/2021,true
201,Murdoch,Fisby,24,mfisby5k@csmonitor.com,Mongolia,,academic difficulties,3/10/2020,false
202,Nerissa,Sapir,20,nsapir5l@pcworld.com,Greece,,financial constraints,11/13/2021,true
203,Regine,Korf,24,rkorf5m@washingtonpost.com,Dominican Republic,10411,personal reasons,2/26/2021,false
204,Rubetta,Cantle,19,rcantle5n@odnoklassniki.ru,Burkina Faso,,financial constraints,4/30/2021,true
205,Billie,Throughton,20,bthroughton5o@ucoz.ru,Poland,51-376,financial constraints,2/5/2020,false
206,Willi,Baldinotti,25,wbaldinotti5p@biblegateway.com,France,92509 CEDEX,personal reasons,12/13/2021,false
207,Chelsy,Kippen,25,ckippen5q@adobe.com,North Korea,,academic difficulties,1/2/2021,true
208,Bernard,Polkinghorne,20,bpolkinghorne5r@imgur.com,Honduras,,personal reasons,9/22/2021,true
209,Darleen,Clohessy,23,dclohessy5s@vkontakte.ru,China,,personal reasons,7/31/2020,false
210,Francoise,Lampett,25,flampett5t@goo.ne.jp,Slovenia,5210,personal reasons,8/3/2020,true
211,Agnella,Hindhaugh,21,ahindhaugh5u@multiply.com,Indonesia,,academic difficulties,4/12/2020,true
212,Paolina,Hitscher,20,phitscher5v@ucla.edu,Uruguay,,financial constraints,12/17/2021,true
213,Trenna,Spere,21,tspere5w@163.com,China,,financial constraints,6/22/2020,true
214,Garey,Heningham,20,gheningham5x@buzzfeed.com,Russia,368216,personal reasons,6/1/2021,false
215,Pauly,Ferry,25,pferry5y@tmall.com,China,,personal reasons,8/3/2021,false
216,Uriah,Rihosek,24,urihosek5z@cnet.com,China,,personal reasons,10/3/2020,true
217,Rita,Chinnery,18,rchinnery60@usa.gov,Mauritania,,academic difficulties,8/12/2020,false
218,Lemmy,Atling,23,latling61@cam.ac.uk,Portugal,2950-127,financial constraints,1/10/2020,false
219,Lou,Purselowe,20,lpurselowe62@auda.org.au,China,,academic difficulties,9/15/2021,false
220,Stevie,Stobbart,23,sstobbart63@free.fr,Philippines,7113,personal reasons,1/25/2020,true
221,Thadeus,Butler-Bowdon,25,tbutlerbowdon64@nasa.gov,Philippines,8714,personal reasons,5/11/2021,true
222,Brendin,Harbinson,21,bharbinson65@fc2.com,Brazil,95185-000,personal reasons,6/19/2020,false
223,Tiler,Reburn,25,treburn66@moonfruit.com,Poland,32-045,academic difficulties,8/15/2020,false
224,Hillary,Gariff,21,hgariff67@facebook.com,Poland,33-330,personal reasons,8/18/2020,false
225,Putnam,Apthorpe,23,papthorpe68@who.int,Poland,58-564,financial constraints,2/24/2020,false
226,Dom,Ivakhnov,23,divakhnov69@cyberchimps.com,France,75934 CEDEX 19,academic difficulties,6/19/2020,false
227,Nollie,Noirel,23,nnoirel6a@csmonitor.com,China,,financial constraints,1/23/2020,false
228,Gerhardine,Wyrall,21,gwyrall6b@seesaa.net,Western Sahara,,personal reasons,5/31/2021,false
229,Remington,Keener,22,rkeener6c@merriam-webster.com,Canada,K8P,academic difficulties,11/3/2021,true
230,Chas,Droghan,20,cdroghan6d@admin.ch,Philippines,1444,financial constraints,8/8/2020,false
231,Calvin,Goligly,25,cgoligly6e@trellian.com,Ukraine,,financial constraints,6/3/2020,true
232,Noreen,Edgeworth,19,nedgeworth6f@woothemes.com,Uzbekistan,,academic difficulties,4/23/2021,true
233,Dallas,Moreman,23,dmoreman6g@senate.gov,Indonesia,,personal reasons,5/24/2020,false
234,Emmaline,Lathom,20,elathom6h@sina.com.cn,Japan,989-1505,personal reasons,2/12/2021,true
235,Ingeberg,McGreal,20,imcgreal6i@infoseek.co.jp,Brazil,13160-000,academic difficulties,5/16/2021,true
236,Isaak,Muscroft,25,imuscroft6j@indiatimes.com,Indonesia,,personal reasons,3/24/2021,false
237,Bernetta,Alvarado,18,balvarado6k@ucsd.edu,Indonesia,,financial constraints,12/23/2021,true
238,Joyan,Anthona,21,janthona6l@accuweather.com,Portugal,4820-005,personal reasons,8/1/2020,true
239,Jeannette,Meekin,25,jmeekin6m@hatena.ne.jp,Portugal,2825-884,financial constraints,5/14/2021,false
240,Kelsey,Chew,23,kchew6n@smh.com.au,Philippines,8701,financial constraints,11/24/2021,true
241,Kyle,Adamiec,24,kadamiec6o@i2i.jp,China,,financial constraints,2/1/2021,true
242,Jamaal,Schmidt,20,jschmidt6p@vimeo.com,Sweden,905 92,personal reasons,10/13/2021,true
243,Lawry,McCome,21,lmccome6q@delicious.com,Croatia,51281,personal reasons,11/6/2020,true
244,Myca,Dadge,18,mdadge6r@g.co,Philippines,2003,personal reasons,9/11/2021,false
245,Dorelle,Phillipps,20,dphillipps6s@scribd.com,Poland,32-437,personal reasons,12/20/2020,false
246,Lockwood,Van de Castele,23,lvandecastele6t@cornell.edu,Canada,R8A,financial constraints,6/12/2021,false
247,Clevie,Struthers,18,cstruthers6u@mediafire.com,Russia,412620,personal reasons,5/23/2021,true
248,Ragnar,Howsam,18,rhowsam6v@flavors.me,Russia,172126,financial constraints,7/15/2020,true
249,Gav,Heersema,24,gheersema6w@xrea.com,Indonesia,,financial constraints,4/28/2021,false
250,Bibbie,Gori,23,bgori6x@prnewswire.com,Russia,141707,financial constraints,10/8/2021,false
251,Stanford,Grafton-Herbert,24,sgraftonherbert6y@chron.com,Sweden,736 25,academic difficulties,6/14/2021,false
252,Janella,Roggero,25,jroggero6z@lycos.com,Greece,,financial constraints,8/21/2021,true
253,Bridget,Ludmann,25,bludmann70@unc.edu,China,,academic difficulties,4/8/2020,false
254,Bren,Forton,21,bforton71@dailymotion.com,Malaysia,50720,financial constraints,3/18/2020,false
255,Darelle,Winterflood,22,dwinterflood72@geocities.jp,China,,academic difficulties,3/27/2020,true
256,Uri,Northcote,20,unorthcote73@smugmug.com,Portugal,8650-005,academic difficulties,7/25/2020,true
257,Hestia,Chavez,23,hchavez74@last.fm,Afghanistan,,financial constraints,10/23/2020,false
258,Shaw,Dudleston,24,sdudleston75@cmu.edu,Indonesia,,financial constraints,10/1/2020,false
259,Celestyn,Lapwood,25,clapwood76@senate.gov,Ukraine,,financial constraints,3/13/2021,false
260,Chicky,Fedorchenko,25,cfedorchenko77@discovery.com,Thailand,83120,personal reasons,7/10/2020,true
261,Marjory,Baudts,19,mbaudts78@vinaora.com,Argentina,4203,academic difficulties,12/23/2020,false
262,Selene,Lanfear,23,slanfear79@yandex.ru,Serbia,,academic difficulties,4/11/2020,false
263,Dotty,Boman,23,dboman7a@edublogs.org,Dominican Republic,10210,academic difficulties,8/28/2020,true
264,Cari,Sibbons,21,csibbons7b@dyndns.org,China,,academic difficulties,2/6/2020,true
265,Candie,Dumbare,21,cdumbare7c@diigo.com,Tanzania,,financial constraints,9/28/2021,false
266,Conni,Kynan,21,ckynan7d@sohu.com,Peru,,academic difficulties,9/2/2020,false
267,Fredra,Kornyakov,25,fkornyakov7e@aol.com,Peru,,personal reasons,1/27/2021,true
268,Cordell,Abrahamsson,21,cabrahamsson7f@msn.com,Saint Lucia,,financial constraints,10/15/2021,false
269,Briggs,Weblin,24,bweblin7g@dell.com,Russia,347820,financial constraints,8/11/2020,true
270,Sutton,Dawidowitz,23,sdawidowitz7h@walmart.com,Brazil,44340-000,personal reasons,2/23/2020,true
271,Jonathan,Sallnow,25,jsallnow7i@java.com,Indonesia,,academic difficulties,3/14/2021,false
272,Sari,Urey,21,surey7j@tumblr.com,Indonesia,,financial constraints,2/20/2021,false
273,Rooney,Dibnah,23,rdibnah7k@indiegogo.com,Albania,,academic difficulties,3/16/2020,true
274,Kameko,Druce,25,kdruce7l@yahoo.com,Indonesia,,personal reasons,9/30/2021,false
275,Nahum,Kuhle,23,nkuhle7m@bbc.co.uk,United States,02745,financial constraints,12/9/2021,true
276,Thia,Mendez,23,tmendez7n@yale.edu,China,,personal reasons,4/11/2021,false
277,Leilah,Sweedy,21,lsweedy7o@icq.com,Philippines,8427,financial constraints,7/3/2021,true
278,Tasha,Le Breton De La Vieuville,23,tlebretondelavieuville7p@zimbio.com,China,,personal reasons,6/1/2020,true
279,Sara,Briiginshaw,21,sbriiginshaw7q@joomla.org,Ecuador,,academic difficulties,12/6/2021,true
280,Mathe,Ranald,19,mranald7r@networksolutions.com,Sweden,241 32,financial constraints,10/19/2020,true
281,Horatia,Ilymanov,21,hilymanov7s@geocities.jp,Indonesia,,financial constraints,1/6/2020,true
282,Lauritz,Yonge,25,lyonge7t@rambler.ru,Indonesia,,financial constraints,8/15/2020,false
283,Gualterio,Furminger,18,gfurminger7u@ocn.ne.jp,Japan,989-2463,academic difficulties,11/17/2020,false
284,Ruth,Scutchings,21,rscutchings7v@wp.com,Indonesia,,financial constraints,10/29/2020,true
285,Rosaleen,Kelley,20,rkelley7w@symantec.com,Brazil,86730-000,academic difficulties,10/2/2020,true
286,Vinson,Fusedale,25,vfusedale7x@apache.org,Slovenia,2211,personal reasons,11/20/2020,true
287,Lamar,Gammade,18,lgammade7y@furl.net,Canada,G7P,academic difficulties,6/5/2021,false
288,Wendel,Vacher,20,wvacher7z@wix.com,China,,financial constraints,11/8/2021,true
289,Dare,Castro,22,dcastro80@blogs.com,China,,financial constraints,11/5/2020,false
290,Jodie,Reedy,21,jreedy81@360.cn,Tunisia,,financial constraints,7/8/2021,true
291,Dolley,Eveling,25,develing82@hostgator.com,Czech Republic,382 11,financial constraints,2/3/2020,false
292,Chantal,Penning,24,cpenning83@imageshack.us,Nigeria,,financial constraints,12/25/2021,true
293,Maxy,Gionettitti,19,mgionettitti84@bloglines.com,Croatia,48356,academic difficulties,6/24/2020,false
294,Aldus,Dewicke,19,adewicke85@deviantart.com,Japan,807-0133,personal reasons,6/20/2021,true
295,Rici,Smethurst,23,rsmethurst86@google.es,China,,financial constraints,3/16/2021,true
296,Buckie,Burke,21,bburke87@wordpress.org,Afghanistan,,academic difficulties,8/20/2021,true
297,Amerigo,Lurriman,20,alurriman88@desdev.cn,Indonesia,,academic difficulties,7/27/2020,true
298,Reube,Judgkins,25,rjudgkins89@acquirethisname.com,Peru,,financial constraints,12/19/2021,false
299,Arvy,Corkhill,24,acorkhill8a@engadget.com,Ireland,D04,personal reasons,1/5/2020,false
300,Ester,Bensen,19,ebensen8b@army.mil,Peru,,academic difficulties,8/10/2020,true
301,Orland,Nuth,23,onuth8c@unicef.org,South Africa,7571,financial constraints,9/13/2020,false
302,Dwight,McVey,23,dmcvey8d@forbes.com,Croatia,22240,academic difficulties,7/26/2021,false
303,Ariel,Timeby,23,atimeby8e@aol.com,China,,personal reasons,3/24/2020,false
304,Rosalia,Ead,21,read8f@amazonaws.com,Indonesia,,academic difficulties,12/1/2020,true
305,Franni,Houliston,18,fhouliston8g@usatoday.com,Mongolia,,personal reasons,6/6/2020,true
306,Salvatore,Sweynson,18,ssweynson8h@lycos.com,Jordan,,personal reasons,3/1/2021,true
307,Jacintha,Courteney,24,jcourteney8i@gizmodo.com,Russia,606771,financial constraints,1/9/2020,false
308,Kellen,Dudbridge,22,kdudbridge8j@indiegogo.com,Poland,08-480,academic difficulties,8/4/2021,false
309,Lin,Dakhov,18,ldakhov8k@amazon.co.uk,China,,academic difficulties,1/9/2020,true
310,Troy,Peplow,20,tpeplow8l@squidoo.com,Philippines,2005,personal reasons,7/8/2020,true
311,Esma,Grellis,18,egrellis8m@mtv.com,China,,financial constraints,3/4/2020,false
312,Ricki,Oades,23,roades8n@bigcartel.com,China,,academic difficulties,9/9/2021,false
313,Jamaal,Lockless,19,jlockless8o@nymag.com,Russia,140074,academic difficulties,9/5/2021,true
314,Maud,Challenger,22,mchallenger8p@gizmodo.com,Nigeria,,academic difficulties,8/2/2020,true
315,Portia,Casarini,19,pcasarini8q@geocities.jp,Armenia,,personal reasons,5/10/2020,false
316,Otto,Bousquet,20,obousquet8r@pen.io,Senegal,,financial constraints,4/27/2021,true
317,Beltran,Frushard,19,bfrushard8s@umn.edu,France,28009 CEDEX,financial constraints,5/7/2020,true
318,Barnie,Adlard,22,badlard8t@discuz.net,El Salvador,,academic difficulties,9/1/2020,true
319,Rollo,Bett,24,rbett8u@topsy.com,Antigua and Barbuda,,personal reasons,12/10/2021,false
320,Merralee,Plinck,25,mplinck8v@wisc.edu,Taiwan,,personal reasons,2/16/2021,false
321,Dreddy,Sheer,18,dsheer8w@redcross.org,China,,personal reasons,11/4/2020,false
322,Dee dee,Helstrip,25,dhelstrip8x@upenn.edu,United Kingdom,BT2,financial constraints,1/31/2021,true
323,Milena,Flook,19,mflook8y@mac.com,Moldova,MD-5519,academic difficulties,11/16/2021,true
324,King,Metterick,22,kmetterick8z@stanford.edu,Palestinian Territory,,financial constraints,10/2/2020,true
325,Dionis,Goosey,25,dgoosey90@geocities.jp,Colombia,080020,academic difficulties,10/17/2021,false
326,Atalanta,Ticksall,22,aticksall91@reddit.com,Philippines,7303,financial constraints,3/3/2020,true
327,Ignazio,Townes,24,itownes92@macromedia.com,France,94734 CEDEX,financial constraints,6/19/2021,false
328,Marja,MacMeekan,25,mmacmeekan93@nasa.gov,Brazil,79260-000,personal reasons,9/1/2020,false
329,Raff,Tellenbrook,25,rtellenbrook94@oaic.gov.au,Armenia,,financial constraints,8/7/2021,false
330,Kasper,Armin,19,karmin95@feedburner.com,Czech Republic,687 23,academic difficulties,1/14/2020,true
331,Kevan,Crafts,18,kcrafts96@wired.com,Indonesia,,financial constraints,8/13/2021,false
332,Raphaela,Welds,25,rwelds97@last.fm,Luxembourg,L-5465,personal reasons,12/24/2020,true
333,Farand,Deluce,22,fdeluce98@deviantart.com,Colombia,251808,financial constraints,7/14/2021,false
334,Remington,Hambidge,20,rhambidge99@upenn.edu,Russia,629350,financial constraints,7/24/2020,true
335,Abeu,Woloschin,21,awoloschin9a@lulu.com,Canada,A1Y,academic difficulties,6/23/2021,true
336,Lida,Geddes,23,lgeddes9b@lycos.com,Mexico,95193,financial constraints,2/6/2021,true
337,Oren,Samett,22,osamett9c@odnoklassniki.ru,Cuba,,academic difficulties,3/13/2021,false
338,Linn,Beaushaw,18,lbeaushaw9d@baidu.com,China,,financial constraints,10/27/2020,false
339,Luca,Funnell,21,lfunnell9e@rediff.com,Sudan,,personal reasons,5/20/2020,true
340,Gray,Teague,21,gteague9f@geocities.com,China,,academic difficulties,6/27/2021,true
341,Currie,Poile,23,cpoile9g@netvibes.com,Indonesia,,personal reasons,8/28/2020,true
342,Bogey,Torritti,19,btorritti9h@blog.com,Poland,21-580,academic difficulties,10/11/2020,true
343,Othilie,Pionter,23,opionter9i@zimbio.com,Canada,T7Z,financial constraints,1/25/2021,true
344,Dahlia,Phipson,25,dphipson9j@tmall.com,China,,personal reasons,4/11/2021,true
345,Jarrod,Oboy,22,joboy9k@discuz.net,Russia,393917,academic difficulties,3/25/2021,true
346,Emelita,Heathorn,19,eheathorn9l@ezinearticles.com,Serbia,,personal reasons,8/24/2021,false
347,Kermy,Boughen,20,kboughen9m@feedburner.com,Indonesia,,financial constraints,10/8/2021,false
348,Earle,Dryburgh,25,edryburgh9n@dagondesign.com,Vietnam,,academic difficulties,8/18/2021,true
349,Gregg,Jiricka,22,gjiricka9o@xing.com,Indonesia,,personal reasons,10/10/2020,true
350,Marty,Beecheno,23,mbeecheno9p@behance.net,Finland,33480,academic difficulties,6/13/2020,true
351,Arielle,Kent,22,akent9q@mashable.com,Norway,0025,academic difficulties,7/25/2020,true
352,Mandel,Steiner,21,msteiner9r@nyu.edu,Bulgaria,2630,academic difficulties,7/3/2020,true
353,Dorella,Stout,18,dstout9s@github.io,United States,94250,personal reasons,6/11/2020,true
354,Maridel,Craydon,22,mcraydon9t@buzzfeed.com,Czech Republic,683 54,academic difficulties,11/12/2020,true
355,Chaunce,Reynold,24,creynold9u@newyorker.com,Czech Republic,671 69,financial constraints,11/7/2020,false
356,Hobart,Ansett,22,hansett9v@tripod.com,Canada,J6W,personal reasons,5/13/2021,false
357,Ileana,McEniry,23,imceniry9w@taobao.com,Brazil,44380-000,academic difficulties,7/27/2021,true
358,Titus,Ashmore,18,tashmore9x@icq.com,Argentina,5900,personal reasons,1/31/2020,true
359,Belinda,Sucre,19,bsucre9y@usgs.gov,China,,academic difficulties,12/4/2020,true
360,Maureene,Rabb,23,mrabb9z@netlog.com,China,,personal reasons,12/17/2021,true
361,Barby,Beaze,25,bbeazea0@canalblog.com,China,,financial constraints,11/3/2020,true
362,Cleo,Wyrill,21,cwyrilla1@eepurl.com,Brazil,38280-000,personal reasons,6/7/2021,false
363,Suzi,Lamburne,24,slamburnea2@homestead.com,Luxembourg,L-8191,personal reasons,10/8/2020,true
364,Tally,Yanne,18,tyannea3@unicef.org,Indonesia,,academic difficulties,11/17/2021,true
365,Alick,Challes,25,achallesa4@newyorker.com,United States,12305,personal reasons,6/28/2021,true
366,Christopher,Lackner,25,clacknera5@tmall.com,China,,academic difficulties,9/27/2020,false
367,Lorrie,Antonovic,23,lantonovica6@state.tx.us,France,72004 CEDEX 1,academic difficulties,8/12/2020,false
368,Carri,Petkens,21,cpetkensa7@mlb.com,China,,financial constraints,4/29/2020,true
369,Lottie,Gary,18,lgarya8@shop-pro.jp,Bulgaria,2630,personal reasons,12/8/2020,false
370,Quintus,Shorbrook,23,qshorbrooka9@exblog.jp,United States,33982,academic difficulties,8/12/2021,false
371,Annadiana,Morrant,24,amorrantaa@jalbum.net,China,,financial constraints,10/12/2020,true
372,Kassandra,Mcettrick,24,kmcettrickab@fda.gov,Netherlands,7814,academic difficulties,7/11/2020,false
373,Vassily,Toma,23,vtomaac@cisco.com,Albania,,financial constraints,1/22/2021,true
374,Verla,Filov,19,vfilovad@utexas.edu,Japan,579-8066,financial constraints,10/10/2020,true
375,Fax,Iacobassi,21,fiacobassiae@wordpress.com,Indonesia,,personal reasons,1/20/2021,true
376,Antonina,O'Dowd,19,aodowdaf@aboutads.info,Honduras,,academic difficulties,8/30/2020,true
377,Jade,Fawks,20,jfawksag@phoca.cz,Brazil,99000-000,personal reasons,1/12/2021,true
378,Antoinette,Omand,18,aomandah@simplemachines.org,France,34038 CEDEX 1,personal reasons,12/14/2020,true
379,Chaunce,Creevy,23,ccreevyai@a8.net,Malaysia,01673,personal reasons,2/2/2021,true
380,Simeon,Wreath,18,swreathaj@123-reg.co.uk,Russia,357408,academic difficulties,6/9/2020,false
381,Rey,Dufoure,23,rdufoureak@tamu.edu,Indonesia,,personal reasons,1/8/2021,false
382,Birk,Bottrell,20,bbottrellal@nih.gov,Indonesia,,academic difficulties,8/11/2020,false
383,Cris,Dummett,23,cdummettam@blinklist.com,China,,financial constraints,7/12/2021,true
384,Jenine,Neubigging,19,jneubiggingan@icio.us,Niger,,financial constraints,9/13/2020,false
385,Lovell,Lievesley,22,llievesleyao@gov.uk,Cape Verde,,academic difficulties,11/10/2020,false
386,Hildegarde,Olenov,25,holenovap@gnu.org,China,,academic difficulties,3/3/2021,false
387,Ware,Coleborn,18,wcolebornaq@infoseek.co.jp,Finland,20960,personal reasons,4/13/2020,true
388,Lilias,Cicccitti,22,lcicccittiar@dion.ne.jp,China,,personal reasons,12/24/2020,false
389,Faydra,Measom,21,fmeasomas@bloomberg.com,Czech Republic,407 22,financial constraints,4/9/2020,false
390,Becky,Dearden,23,bdeardenat@nature.com,Brazil,18160-000,academic difficulties,12/21/2021,true
391,Myrvyn,Davidi,21,mdavidiau@spotify.com,Poland,07-210,financial constraints,8/16/2021,false
392,Britta,Leborgne,23,bleborgneav@google.com.br,Poland,26-432,personal reasons,4/1/2020,false
393,Staci,Deekes,19,sdeekesaw@slideshare.net,Russia,184358,financial constraints,1/25/2021,false
394,Antonie,Loosemore,18,aloosemoreax@reuters.com,Thailand,30120,financial constraints,2/24/2020,true
395,Nataline,Knudsen,19,nknudsenay@google.nl,Poland,72-001,personal reasons,3/7/2021,true
396,Taylor,Perch,22,tperchaz@ftc.gov,Indonesia,,financial constraints,2/12/2021,true
397,Lizbeth,Buyers,25,lbuyersb0@gravatar.com,Brazil,35670-000,financial constraints,3/5/2020,true
398,Maisie,Kittless,23,mkittlessb1@epa.gov,China,,personal reasons,9/22/2021,false
399,Trina,Ruos,22,truosb2@github.io,China,,academic difficulties,2/3/2020,true
400,Fidelity,Fellini,21,ffellinib3@gov.uk,Portugal,4485-518,financial constraints,7/15/2020,true
401,Lambert,Avon,25,lavonb4@ucoz.com,Philippines,6337,academic difficulties,12/17/2021,true
402,Bondy,Cobbled,22,bcobbledb5@tripadvisor.com,France,31673 CEDEX,personal reasons,7/21/2020,false
403,Kristy,Mashal,22,kmashalb6@google.cn,Indonesia,,academic difficulties,12/2/2020,false
404,Hestia,Meers,24,hmeersb7@forbes.com,Russia,606950,personal reasons,2/15/2020,true
405,Kirstin,Bampforth,22,kbampforthb8@berkeley.edu,China,,financial constraints,7/16/2021,false
406,Warde,Paolicchi,20,wpaolicchib9@hhs.gov,Montenegro,,academic difficulties,2/13/2021,false
407,Thayne,Pettifor,22,tpettiforba@squarespace.com,Mexico,40800,personal reasons,3/15/2021,true
408,Gilli,Casajuana,19,gcasajuanabb@berkeley.edu,Indonesia,,personal reasons,11/18/2020,false
409,Sallyann,Lawlor,18,slawlorbc@ustream.tv,China,,academic difficulties,5/30/2020,false
410,Aura,Gooderick,25,agooderickbd@state.tx.us,Brazil,18190-000,academic difficulties,7/30/2020,true
411,Valenka,Treeby,24,vtreebybe@people.com.cn,Mexico,26060,academic difficulties,2/2/2021,true
412,Wilburt,Ajam,21,wajambf@sphinn.com,Norway,9498,academic difficulties,5/17/2020,false
413,Paulie,Ainscow,24,painscowbg@wordpress.org,Cyprus,,academic difficulties,5/3/2021,true
414,Eldridge,Mart,23,emartbh@skyrock.com,Kazakhstan,,academic difficulties,10/13/2021,false
415,Karrie,Peyton,21,kpeytonbi@youku.com,Moldova,MD-5134,academic difficulties,8/1/2020,true
416,Amery,Barts,24,abartsbj@pinterest.com,Tajikistan,,academic difficulties,12/16/2021,true
417,Melisent,Warde,18,mwardebk@reference.com,Argentina,5809,academic difficulties,5/25/2020,true
418,Cosette,Isham,20,cishambl@statcounter.com,United States,78732,personal reasons,9/14/2020,true
419,Fredericka,Deas,23,fdeasbm@army.mil,France,79204 CEDEX,personal reasons,8/26/2020,true
420,Fionna,Khomich,18,fkhomichbn@umn.edu,Vietnam,,personal reasons,4/17/2021,true
421,Arlin,Robuchon,23,arobuchonbo@unesco.org,Botswana,,academic difficulties,4/24/2021,false
422,Wilone,Walas,20,wwalasbp@youku.com,China,,academic difficulties,11/5/2020,false
423,Jeffry,Darcy,22,jdarcybq@va.gov,Paraguay,,personal reasons,5/7/2021,false
424,Woodman,McLeish,22,wmcleishbr@china.com.cn,Philippines,4004,personal reasons,1/16/2020,true
425,Felipa,Holtham,25,fholthambs@sourceforge.net,Portugal,4850-194,personal reasons,2/8/2020,true
426,Phaedra,Laidlow,22,plaidlowbt@miibeian.gov.cn,Philippines,6419,financial constraints,1/20/2021,false
427,Daniella,Hackleton,21,dhackletonbu@shop-pro.jp,Philippines,6203,financial constraints,5/18/2020,true
428,Emory,Gabbitis,21,egabbitisbv@google.com,Colombia,546058,personal reasons,10/28/2021,false
429,Kerwin,Bagshawe,25,kbagshawebw@nps.gov,Armenia,,financial constraints,2/17/2020,true
430,Rickard,Loadwick,25,rloadwickbx@bing.com,Tunisia,,financial constraints,9/17/2020,true
431,Cullan,Shambroke,23,cshambrokeby@arizona.edu,Guatemala,01064,personal reasons,7/13/2021,true
432,Gardner,Corris,23,gcorrisbz@nasa.gov,Nigeria,,personal reasons,5/8/2020,false
433,Freida,Alexandrou,21,falexandrouc0@angelfire.com,Philippines,5602,financial constraints,6/16/2021,false
434,Jethro,Glasgow,24,jglasgowc1@reference.com,China,,financial constraints,11/11/2021,true
435,Fay,Izchaki,21,fizchakic2@oaic.gov.au,China,,financial constraints,6/2/2021,false
436,Standford,Shemilt,25,sshemiltc3@jigsy.com,China,,academic difficulties,5/2/2020,false
437,Grant,O'Leary,24,golearyc4@ameblo.jp,Indonesia,,academic difficulties,2/22/2020,true
438,Angelika,Sines,25,asinesc5@vk.com,Vietnam,,academic difficulties,2/22/2020,true
439,Lanny,Undrell,23,lundrellc6@sciencedaily.com,China,,financial constraints,10/21/2020,false
440,Doris,Morrell,22,dmorrellc7@symantec.com,Russia,143015,financial constraints,6/5/2021,false
441,Almire,Boobier,21,aboobierc8@indiatimes.com,Philippines,2727,academic difficulties,7/29/2021,false
442,Korrie,Bogart,25,kbogartc9@unicef.org,China,,academic difficulties,12/3/2020,true
443,Katheryn,Going,19,kgoingca@yellowpages.com,El Salvador,,financial constraints,2/5/2020,true
444,Wendy,Gold,23,wgoldcb@purevolume.com,China,,financial constraints,12/13/2021,false
445,Webb,Weldon,24,wweldoncc@independent.co.uk,Swaziland,,financial constraints,1/4/2021,true
446,Georgianne,Leverson,21,gleversoncd@discuz.net,Finland,02490,academic difficulties,3/27/2020,false
447,Jory,Mucklow,22,jmucklowce@java.com,Vietnam,,personal reasons,4/17/2021,false
448,Ali,Edling,23,aedlingcf@ted.com,Brazil,57770-000,academic difficulties,5/28/2020,false
449,Demott,Hanbridge,20,dhanbridgecg@cnn.com,Malawi,,personal reasons,5/31/2020,false
450,Brooks,Labet,20,blabetch@stanford.edu,Philippines,4500,academic difficulties,10/15/2021,false
451,Kelci,Randales,21,krandalesci@ow.ly,Thailand,30160,financial constraints,8/4/2021,true
452,Alejandra,Rustidge,18,arustidgecj@mapquest.com,France,28901 CEDEX 9,personal reasons,6/17/2021,false
453,Gussy,Boleyn,25,gboleynck@sbwire.com,China,,financial constraints,4/1/2021,false
454,Lonni,Concklin,18,lconcklincl@harvard.edu,Ukraine,,personal reasons,7/1/2020,false
455,Garey,Jennaway,25,gjennawaycm@dailymotion.com,Poland,72-210,personal reasons,10/27/2020,true
456,Markus,Giraudou,20,mgiraudoucn@mediafire.com,Russia,175330,personal reasons,4/25/2021,true
457,Marion,Barg,24,mbargco@bloglines.com,Czech Republic,739 91,financial constraints,7/12/2020,true
458,Ashleigh,D'Avaux,23,adavauxcp@blogspot.com,China,,personal reasons,10/27/2021,false
459,Fabiano,Bracken,21,fbrackencq@berkeley.edu,Australia,8383,personal reasons,3/20/2020,false
460,Dana,Mountstephen,22,dmountstephencr@friendfeed.com,United States,36109,financial constraints,7/11/2021,false
461,Rafael,Dummigan,24,rdummigancs@cocolog-nifty.com,Indonesia,,academic difficulties,3/19/2021,true
462,Barby,Couche,24,bcouchect@sphinn.com,Pakistan,51360,financial constraints,8/26/2020,true
463,Kenon,Saiz,24,ksaizcu@webeden.co.uk,China,,academic difficulties,12/4/2021,false
464,Leoline,Rickasse,19,lrickassecv@theguardian.com,China,,academic difficulties,2/4/2020,false
465,Leo,Maxwell,21,lmaxwellcw@weibo.com,Thailand,90160,academic difficulties,12/21/2021,true
466,Georgina,O'Collopy,20,gocollopycx@unesco.org,Greece,,financial constraints,7/29/2020,true
467,Brice,Starrs,23,bstarrscy@google.fr,El Salvador,,personal reasons,5/18/2020,false
468,Cate,Fackney,22,cfackneycz@hud.gov,Russia,456505,personal reasons,1/17/2021,true
469,Klarika,Phillipps,22,kphillippsd0@homestead.com,Indonesia,,personal reasons,1/3/2021,true
470,Nessi,Acreman,22,nacremand1@time.com,Japan,408-0021,personal reasons,9/29/2021,true
471,Waylen,Yashanov,21,wyashanovd2@fema.gov,Brazil,69820-000,financial constraints,2/27/2020,true
472,Winn,Pattesall,18,wpattesalld3@hexun.com,Argentina,4417,personal reasons,6/21/2021,true
473,Kaylyn,Mapis,24,kmapisd4@trellian.com,Indonesia,,academic difficulties,8/1/2021,true
474,Yasmeen,Bayston,25,ybaystond5@usa.gov,Indonesia,,academic difficulties,11/25/2021,false
475,Winfred,Odcroft,21,wodcroftd6@wikia.com,Sweden,531 52,academic difficulties,6/5/2021,true
476,Roth,Gostyke,22,rgostyked7@yolasite.com,Peru,,academic difficulties,1/23/2020,false
477,Cobb,Loddon,18,cloddond8@symantec.com,Japan,959-2612,financial constraints,8/30/2021,true
478,Ricki,Codner,24,rcodnerd9@fastcompany.com,China,,academic difficulties,2/7/2020,true
479,Humfried,Halesworth,18,hhalesworthda@mozilla.com,Mexico,93270,personal reasons,3/5/2021,true
480,Dav,Tallach,21,dtallachdb@google.es,Zambia,,personal reasons,6/3/2020,true
481,Marillin,Wrathmell,25,mwrathmelldc@flickr.com,Indonesia,,personal reasons,1/31/2021,true
482,Beryl,Bourthoumieux,23,bbourthoumieuxdd@infoseek.co.jp,China,,personal reasons,7/25/2021,false
483,Dare,Yacobsohn,19,dyacobsohnde@techcrunch.com,Indonesia,,personal reasons,3/4/2021,false
484,Charmine,Springer,18,cspringerdf@mapquest.com,Indonesia,,financial constraints,12/16/2020,true
485,Marcie,Pennings,18,mpenningsdg@nhs.uk,Indonesia,,academic difficulties,11/17/2021,true
486,Hattie,McAteer,18,hmcateerdh@free.fr,Indonesia,,personal reasons,10/30/2021,true
487,Townie,Yielding,20,tyieldingdi@cnn.com,Nigeria,,financial constraints,2/14/2021,false
488,Georgie,Enefer,25,geneferdj@oakley.com,Indonesia,,academic difficulties,8/20/2021,true
489,Anneliese,Coode,18,acoodedk@java.com,Iran,,academic difficulties,3/5/2021,true
490,Clark,Ticic,19,cticicdl@photobucket.com,China,,financial constraints,5/27/2020,false
491,Derry,Apark,21,daparkdm@livejournal.com,Thailand,15250,personal reasons,6/4/2020,true
492,Glyn,Sisson,21,gsissondn@tumblr.com,Philippines,2445,academic difficulties,2/7/2020,false
493,Collie,Gloves,20,cglovesdo@example.com,Indonesia,,academic difficulties,1/9/2021,false
494,Lida,Berrey,21,lberreydp@biblegateway.com,Russia,249028,financial constraints,5/19/2021,true
495,Davidde,Quilter,21,dquilterdq@tiny.cc,Ecuador,,financial constraints,2/2/2020,true
496,Xylina,Meins,18,xmeinsdr@sakura.ne.jp,Indonesia,,personal reasons,7/25/2021,true
497,Guillaume,Sleightholme,21,gsleightholmeds@google.pl,Czech Republic,330 16,financial constraints,10/27/2021,true
498,Abram,Bratten,24,abrattendt@geocities.com,Montenegro,,financial constraints,2/17/2021,true
499,Abdel,Kitt,24,akittdu@desdev.cn,Indonesia,,academic difficulties,10/16/2021,false
500,Blondie,Seiter,24,bseiterdv@redcross.org,Poland,63-130,academic difficulties,8/15/2020,false
501,Jinny,Vose,25,jvosedw@sphinn.com,Azerbaijan,,academic difficulties,6/29/2020,true
502,Quinn,Devas,21,qdevasdx@typepad.com,Nicaragua,,personal reasons,2/1/2021,true
503,Brittne,De Angelo,20,bdeangelody@seesaa.net,Indonesia,,academic difficulties,11/11/2020,true
504,Codie,Dann,22,cdanndz@dyndns.org,Portugal,7520-103,personal reasons,12/16/2020,true
505,Ilka,Riccioppo,25,iriccioppoe0@adobe.com,Morocco,,personal reasons,6/1/2021,true
506,Nancee,Garmon,18,ngarmone1@netscape.com,Brazil,84430-000,personal reasons,12/30/2020,false
507,Nanni,Cockitt,22,ncockitte2@craigslist.org,Philippines,8109,academic difficulties,2/2/2021,false
508,Art,Focke,22,afockee3@ovh.net,Argentina,5903,personal reasons,5/18/2021,false
509,Shir,Bello,22,sbelloe4@wiley.com,China,,personal reasons,5/3/2020,false
510,Fionna,Naisey,20,fnaiseye5@tinyurl.com,Indonesia,,financial constraints,8/13/2021,false
511,Constantine,Squibb,18,csquibbe6@tuttocitta.it,Argentina,3262,financial constraints,2/21/2020,true
512,Bryn,Klewer,19,bklewere7@addtoany.com,Iran,,academic difficulties,12/23/2020,true
513,Kristina,Bernadzki,20,kbernadzkie8@clickbank.net,China,,personal reasons,2/11/2021,false
514,Antonietta,Bernath,22,abernathe9@sourceforge.net,Greece,,financial constraints,12/29/2021,false
515,Bogey,Skaid,24,bskaidea@photobucket.com,Russia,665911,financial constraints,9/22/2021,false
516,Morris,Duckhouse,18,mduckhouseeb@webnode.com,Indonesia,,personal reasons,6/22/2021,false
517,Trudey,Woollends,21,twoollendsec@answers.com,Bulgaria,2971,financial constraints,4/30/2020,true
518,Ethe,Bowlesworth,22,ebowlesworthed@hibu.com,Philippines,5201,financial constraints,11/14/2021,true
519,Gunar,Coon,18,gcoonee@wunderground.com,France,27509 CEDEX,academic difficulties,9/4/2021,true
520,Jo,Craddy,22,jcraddyef@usa.gov,Serbia,,personal reasons,6/3/2021,false
521,Miriam,Gabey,19,mgabeyeg@fema.gov,Canada,P2A,academic difficulties,12/13/2020,true
522,Saundra,Wiffen,24,swiffeneh@wufoo.com,Bulgaria,3818,personal reasons,8/31/2021,true
523,Valeria,Colaton,25,vcolatonei@tamu.edu,China,,academic difficulties,2/15/2021,false
524,Chicky,Regnard,18,cregnardej@cargocollective.com,Brazil,69680-000,personal reasons,9/18/2021,false
525,Theo,Cowap,25,tcowapek@pagesperso-orange.fr,Czech Republic,763 11,financial constraints,5/31/2021,false
526,Libbie,Elizabeth,20,lelizabethel@slashdot.org,China,,financial constraints,3/7/2021,true
527,Salomon,Bartrum,25,sbartrumem@quantcast.com,China,,financial constraints,3/13/2021,true
528,Dyanna,Kik,21,dkiken@sphinn.com,Mozambique,,academic difficulties,3/27/2021,true
529,Dori,Staig,21,dstaigeo@lycos.com,Haiti,,academic difficulties,4/5/2021,false
530,Sarene,Lugard,18,slugardep@redcross.org,United Kingdom,AB56,academic difficulties,2/16/2021,false
531,Diandra,Shankle,22,dshankleeq@123-reg.co.uk,Nicaragua,,financial constraints,4/2/2021,false
532,Nollie,O' Flaherty,24,noflahertyer@buzzfeed.com,China,,academic difficulties,9/14/2020,false
533,Fanny,Enoch,22,fenoches@imgur.com,Norway,4638,personal reasons,8/30/2021,false
534,Caryl,Kernley,22,ckernleyet@tmall.com,Palestinian Territory,,personal reasons,10/24/2021,true
535,Teodorico,Local,24,tlocaleu@nih.gov,Peru,,personal reasons,3/15/2021,false
536,Ronny,Methringham,25,rmethringhamev@jiathis.com,Thailand,15130,academic difficulties,6/16/2021,false
537,Evaleen,Cufflin,23,ecufflinew@geocities.jp,Indonesia,,personal reasons,5/28/2020,true
538,Cherianne,Linge,21,clingeex@youtube.com,China,,financial constraints,8/31/2020,false
539,Simonne,Jacobi,23,sjacobiey@w3.org,Bulgaria,6172,financial constraints,10/31/2021,false
540,Kathye,Shekle,23,kshekleez@imdb.com,Brazil,78900-000,academic difficulties,4/2/2020,false
541,Maurise,Stuttard,25,mstuttardf0@imgur.com,China,,academic difficulties,8/16/2020,true
542,Minne,Nettleship,19,mnettleshipf1@vimeo.com,United States,48211,personal reasons,4/1/2021,false
543,Elbert,Notti,24,enottif2@washingtonpost.com,Greece,,personal reasons,6/3/2020,false
544,Timothee,Rubinshtein,18,trubinshteinf3@bloomberg.com,France,92169 CEDEX,academic difficulties,4/21/2020,false
545,Giffie,Anglish,20,ganglishf4@furl.net,Mexico,94324,financial constraints,11/23/2020,false
546,Addie,Pantridge,23,apantridgef5@geocities.com,China,,academic difficulties,2/19/2021,false
547,Claudelle,McIlvenna,24,cmcilvennaf6@youtu.be,Portugal,2600-015,financial constraints,12/16/2021,true
548,Celina,Bennen,25,cbennenf7@wordpress.com,Brazil,95890-000,financial constraints,6/2/2020,true
549,Bobine,Diviny,20,bdivinyf8@biglobe.ne.jp,China,,personal reasons,6/22/2021,false
550,Seana,Nevison,24,snevisonf9@gizmodo.com,Pakistan,68220,academic difficulties,5/8/2020,true
551,Tomkin,Scare,18,tscarefa@fema.gov,Netherlands,3764,personal reasons,5/5/2021,true
552,Orsola,Tertre,18,otertrefb@intel.com,Indonesia,,personal reasons,7/23/2021,false
553,Christiane,Le Maitre,21,clemaitrefc@ehow.com,Paraguay,,personal reasons,8/2/2020,true
554,Harlen,Ceci,23,hcecifd@europa.eu,Colombia,052848,personal reasons,2/20/2021,true
555,Casper,Cosgrave,19,ccosgravefe@examiner.com,Indonesia,,academic difficulties,8/11/2021,false
556,Nonnah,Kayser,20,nkayserff@devhub.com,France,78045 CEDEX,academic difficulties,9/23/2021,true
557,Nichols,Surmon,23,nsurmonfg@cbc.ca,China,,academic difficulties,3/29/2020,false
558,Marco,Zanioletti,24,mzaniolettifh@dailymotion.com,Bolivia,,personal reasons,3/4/2021,true
559,Reuven,Blencoe,20,rblencoefi@chicagotribune.com,Indonesia,,financial constraints,7/3/2021,false
560,Umberto,Bowld,18,ubowldfj@examiner.com,Russia,301649,financial constraints,5/26/2020,false
561,Rora,Santore,22,rsantorefk@photobucket.com,China,,personal reasons,4/28/2020,true
562,Gardner,Arney,22,garneyfl@mediafire.com,Indonesia,,financial constraints,11/10/2020,false
563,Reed,McTrusty,18,rmctrustyfm@dailymotion.com,Iran,,financial constraints,4/16/2020,false
564,Reeta,Allon,23,rallonfn@youtube.com,China,,personal reasons,6/7/2020,true
565,Corly,Hasker,18,chaskerfo@apple.com,Indonesia,,financial constraints,12/24/2020,false
566,Timmy,Heaney,19,theaneyfp@shinystat.com,Cuba,,personal reasons,2/24/2021,false
567,Taber,Posselwhite,21,tposselwhitefq@google.de,Sweden,101 37,personal reasons,6/4/2020,true
568,Sylas,Speek,19,sspeekfr@sciencedaily.com,Russia,182670,financial constraints,2/6/2020,false
569,Beltran,Cockrem,23,bcockremfs@umn.edu,Indonesia,,personal reasons,1/12/2021,true
570,Konstanze,Grafham,25,kgrafhamft@nytimes.com,Peru,,academic difficulties,12/22/2021,true
571,Yardley,Crosio,18,ycrosiofu@umn.edu,Australia,1235,financial constraints,8/12/2021,false
572,Kare,McIntosh,24,kmcintoshfv@eepurl.com,Nepal,,financial constraints,8/11/2020,true
573,Aleen,Reichhardt,20,areichhardtfw@moonfruit.com,France,35704 CEDEX 7,personal reasons,5/18/2021,false
574,Concettina,Quodling,25,cquodlingfx@deliciousdays.com,Nigeria,,academic difficulties,9/4/2021,true
575,Marven,Broggelli,24,mbroggellify@clickbank.net,Armenia,,financial constraints,10/1/2020,true
576,Brigitte,Chorley,22,bchorleyfz@yahoo.com,Nigeria,,academic difficulties,12/3/2021,true
577,Jack,Nosworthy,21,jnosworthyg0@addtoany.com,Poland,44-186,personal reasons,2/28/2021,false
578,Brunhilda,Timmons,21,btimmonsg1@wikispaces.com,China,,financial constraints,9/16/2020,false
579,Brittaney,Yurivtsev,19,byurivtsevg2@lycos.com,Latvia,,financial constraints,12/3/2021,true
580,Birdie,Cummungs,19,bcummungsg3@devhub.com,Venezuela,,personal reasons,1/15/2021,false
581,Keefe,Hedgecock,22,khedgecockg4@reuters.com,Poland,37-403,personal reasons,7/8/2021,false
582,Verile,Dun,21,vdung5@noaa.gov,Mexico,40054,personal reasons,12/20/2021,true
583,Marti,Solleme,24,msollemeg6@ycombinator.com,Portugal,2460-825,academic difficulties,8/9/2021,true
584,Ray,Sevier,20,rsevierg7@amazon.co.jp,Portugal,4650-576,personal reasons,5/13/2021,false
585,Bridget,Bellay,19,bbellayg8@jalbum.net,Indonesia,,financial constraints,8/4/2021,true
586,Kristo,Atcheson,25,katchesong9@e-recht24.de,Indonesia,,personal reasons,5/10/2021,true
587,Danya,Hylton,18,dhyltonga@cbslocal.com,Brazil,79600-000,academic difficulties,10/8/2020,true
588,Joice,Hallum,23,jhallumgb@sun.com,Brazil,17230-000,personal reasons,6/14/2021,true
589,Pierson,Hanne,24,phannegc@dmoz.org,Indonesia,,academic difficulties,5/17/2021,true
590,Amberly,Hannum,21,ahannumgd@opera.com,Niger,,personal reasons,11/15/2021,true
591,Brook,Redd,21,breddge@npr.org,China,,academic difficulties,9/24/2020,true
592,Lesley,Labes,24,llabesgf@pinterest.com,Sri Lanka,61300,personal reasons,10/27/2020,true
593,Niels,Jowsey,20,njowseygg@php.net,Croatia,21222,academic difficulties,8/23/2021,false
594,Abbey,Riding,22,aridinggh@telegraph.co.uk,Poland,80-867,financial constraints,4/13/2021,false
595,Hube,McRill,20,hmcrillgi@forbes.com,Kazakhstan,,financial constraints,12/16/2020,false
596,Cherry,Pomfret,23,cpomfretgj@jimdo.com,Portugal,9500-506,academic difficulties,2/5/2021,true
597,Cordelia,Dennert,21,cdennertgk@sbwire.com,Indonesia,,personal reasons,10/31/2021,true
598,Farrell,Besantie,18,fbesantiegl@ucsd.edu,France,95959 CEDEX 2,financial constraints,1/27/2021,true
599,Nelson,Teasdale,24,nteasdalegm@ibm.com,Ukraine,,personal reasons,12/14/2020,false
600,Lorri,Lingard,25,llingardgn@accuweather.com,China,,personal reasons,7/16/2021,true
601,Morgen,Aggis,24,maggisgo@sciencedaily.com,Poland,08-114,personal reasons,8/15/2021,false
602,Tarrance,Ivy,23,tivygp@washington.edu,China,,personal reasons,7/27/2021,true
603,Sander,Liebrecht,22,sliebrechtgq@cpanel.net,Argentina,1649,financial constraints,9/10/2021,false
604,Bertrando,Kobus,24,bkobusgr@nhs.uk,Palestinian Territory,,academic difficulties,2/10/2020,true
605,Kaila,Louiset,24,klouisetgs@chron.com,Brazil,76600-000,financial constraints,10/12/2020,false
606,Barn,Ossulton,19,bossultongt@odnoklassniki.ru,Nigeria,,financial constraints,9/29/2020,true
607,Clarette,Macbeth,24,cmacbethgu@java.com,China,,academic difficulties,4/26/2021,true
608,Cesar,Boate,21,cboategv@amazon.co.uk,Russia,352450,personal reasons,5/25/2021,false
609,Lucie,Erley,24,lerleygw@google.pl,Indonesia,,financial constraints,8/22/2021,false
610,Carlin,Slisby,23,cslisbygx@vk.com,Indonesia,,personal reasons,2/11/2020,false
611,Cassy,Honisch,22,chonischgy@yahoo.co.jp,United States,45254,academic difficulties,3/25/2020,true
612,Vincent,Pardoe,18,vpardoegz@quantcast.com,Guatemala,12008,academic difficulties,1/8/2021,false
613,Philippine,Rankine,18,prankineh0@istockphoto.com,Mexico,61650,academic difficulties,4/15/2020,true
614,Darwin,Bamforth,20,dbamforthh1@nytimes.com,China,,financial constraints,10/14/2020,false
615,Corella,Chape,24,cchapeh2@statcounter.com,Peru,,financial constraints,9/29/2021,true
616,Broderic,Donnelly,22,bdonnellyh3@arizona.edu,Philippines,6512,personal reasons,6/27/2020,false
617,Lauretta,Handrahan,21,lhandrahanh4@europa.eu,Russia,433913,academic difficulties,11/2/2021,true
618,Juan,Dureden,19,jduredenh5@vistaprint.com,Poland,63-417,personal reasons,1/22/2021,true
619,Nicol,Every,22,neveryh6@1688.com,Indonesia,,personal reasons,10/14/2021,true
620,Arlan,Dunphy,18,adunphyh7@howstuffworks.com,Colombia,443049,financial constraints,11/14/2021,true
621,Crichton,Beer,21,cbeerh8@cnn.com,Indonesia,,financial constraints,4/5/2021,true
622,Gradey,Riquet,20,griqueth9@imdb.com,Sierra Leone,,academic difficulties,5/24/2020,true
623,Prudence,Rupprecht,22,prupprechtha@youtu.be,Slovenia,3240,personal reasons,12/7/2021,false
624,Doralyn,Sutheran,20,dsutheranhb@wikipedia.org,Samoa,,academic difficulties,2/29/2020,true
625,Kamillah,MacKall,24,kmackallhc@marketwatch.com,Philippines,3332,financial constraints,6/24/2020,false
626,Jodee,Weber,21,jweberhd@goo.ne.jp,Russia,601808,personal reasons,8/28/2020,true
627,Udall,Wollaston,20,uwollastonhe@businessinsider.com,Indonesia,,personal reasons,1/17/2020,false
628,Ellen,Buche,18,ebuchehf@friendfeed.com,Vietnam,,academic difficulties,11/19/2021,false
629,Alon,Lafoy,18,alafoyhg@wisc.edu,Kuwait,,financial constraints,1/26/2020,true
630,Doti,MacAlees,18,dmacaleeshh@washington.edu,Colombia,522508,academic difficulties,3/17/2020,false
631,Veriee,Rogers,23,vrogershi@desdev.cn,Laos,,personal reasons,1/1/2020,false
632,Valentia,Fyldes,24,vfyldeshj@nps.gov,Sweden,102 63,academic difficulties,8/3/2020,true
633,Mac,Venton,23,mventonhk@hibu.com,China,,academic difficulties,12/22/2020,true
634,Sondra,Dovermann,23,sdovermannhl@redcross.org,United States,37215,financial constraints,10/25/2020,true
635,Vivien,Grocock,24,vgrocockhm@delicious.com,United States,33233,academic difficulties,1/19/2021,true
636,Ogdan,Moyer,24,omoyerhn@behance.net,Thailand,55000,academic difficulties,12/7/2021,false
637,Hetty,Geering,24,hgeeringho@issuu.com,China,,financial constraints,12/11/2021,true
638,Stephen,Sibbs,24,ssibbshp@sciencedirect.com,Philippines,9212,financial constraints,12/21/2020,true
639,Casi,Adamski,19,cadamskihq@marketwatch.com,China,,financial constraints,7/17/2020,true
640,Ondrea,Nesbitt,19,onesbitthr@i2i.jp,Russia,141662,personal reasons,6/1/2020,true
641,Meredith,Ackerman,20,mackermanhs@a8.net,Peru,,financial constraints,8/14/2021,true
642,Padraig,Seneschal,21,pseneschalht@altervista.org,Indonesia,,academic difficulties,10/26/2020,false
643,Carlo,Sybry,19,csybryhu@exblog.jp,Peru,,financial constraints,10/31/2021,true
644,Cordula,Biaggi,25,cbiaggihv@bloglines.com,Indonesia,,personal reasons,3/5/2021,true
645,Grissel,Morffew,24,gmorffewhw@timesonline.co.uk,Poland,26-070,personal reasons,4/26/2021,true
646,Cole,Jennick,25,cjennickhx@purevolume.com,Philippines,6710,academic difficulties,12/28/2020,true
647,Margarette,Najara,19,mnajarahy@reddit.com,Poland,62-704,academic difficulties,10/8/2021,true
648,Fania,Ervine,22,fervinehz@weather.com,Philippines,5309,financial constraints,6/15/2021,false
649,Karia,Benedict,23,kbenedicti0@earthlink.net,France,75817 CEDEX 17,personal reasons,9/1/2020,false
650,Sylas,Di Domenico,20,sdidomenicoi1@mtv.com,Russia,677907,financial constraints,3/23/2021,true
651,Annette,Juara,18,ajuarai2@answers.com,Sweden,453 22,financial constraints,9/16/2021,true
652,Vinnie,Maleney,19,vmaleneyi3@quantcast.com,Japan,865-0131,financial constraints,8/7/2020,true
653,Jennie,Pavelin,19,jpavelini4@cornell.edu,United States,94263,academic difficulties,1/18/2021,true
654,Kingston,Bernardeschi,21,kbernardeschii5@smugmug.com,China,,financial constraints,4/6/2021,false
655,Deva,Kinner,22,dkinneri6@wix.com,Russia,606448,financial constraints,6/8/2020,false
656,Arvy,Kenwright,22,akenwrighti7@surveymonkey.com,Czech Republic,768 24,academic difficulties,8/27/2020,true
657,Gaylor,Loddon,18,gloddoni8@newsvine.com,China,,financial constraints,2/11/2021,true
658,Augy,Saladin,19,asaladini9@mapquest.com,Israel,,financial constraints,5/19/2020,true
659,Amory,Dargan,19,adargania@mysql.com,Malawi,,academic difficulties,1/9/2020,false
660,Stephen,Gotecliffe,18,sgotecliffeib@who.int,Greece,,personal reasons,9/10/2021,false
661,Candy,Ivic,20,civicic@google.com,Canada,A1C,academic difficulties,11/7/2020,false
662,Rogerio,Stovin,19,rstovinid@cargocollective.com,Colombia,660017,academic difficulties,2/14/2021,true
663,Celle,Jagielski,18,cjagielskiie@jimdo.com,China,,financial constraints,1/15/2020,true
664,Laureen,DelaField,25,ldelafieldif@studiopress.com,Colombia,850009,financial constraints,7/2/2020,true
665,Kathe,Norheny,23,knorhenyig@dyndns.org,Brazil,95930-000,financial constraints,10/11/2021,true
666,Correy,Dunckley,23,cdunckleyih@mail.ru,Bulgaria,8131,personal reasons,3/4/2020,true
667,Wally,Kiddell,23,wkiddellii@lycos.com,Norway,7398,financial constraints,1/3/2021,false
668,Clareta,Hoyte,18,choyteij@tuttocitta.it,Bahrain,,financial constraints,11/19/2020,false
669,Hendrick,Napleton,23,hnapletonik@google.pl,Madagascar,,financial constraints,4/23/2020,true
670,Shaine,Woolner,19,swoolneril@ucla.edu,Russia,307505,personal reasons,12/3/2021,false
671,Zabrina,Allberry,20,zallberryim@chicagotribune.com,Russia,142817,financial constraints,8/19/2021,false
672,Hilliard,Drayn,25,hdraynin@census.gov,Macedonia,6262,personal reasons,2/26/2021,true
673,Bridget,Cazereau,22,bcazereauio@tiny.cc,Poland,84-130,financial constraints,3/20/2021,false
674,Zea,Darrach,25,zdarrachip@simplemachines.org,Philippines,1110,financial constraints,10/8/2020,true
675,Hall,Mitten,22,hmitteniq@ucoz.com,Ukraine,,academic difficulties,9/26/2020,true
676,Gwendolyn,Deeves,23,gdeevesir@va.gov,Brazil,01000-000,financial constraints,1/21/2021,false
677,Rhianna,Missenden,25,rmissendenis@rediff.com,Russia,612711,financial constraints,4/5/2021,false
678,Inge,Hilley,24,ihilleyit@ameblo.jp,Portugal,3230-228,financial constraints,7/22/2020,false
679,Heywood,Mulvagh,20,hmulvaghiu@forbes.com,Guatemala,04015,personal reasons,7/26/2020,true
680,Merci,Norheny,18,mnorhenyiv@cocolog-nifty.com,Estonia,,personal reasons,6/17/2020,true
681,Thurston,Tarte,19,ttarteiw@ftc.gov,Russia,346580,financial constraints,9/17/2020,true
682,Carlynne,Aspinwall,23,caspinwallix@parallels.com,Finland,54801,financial constraints,10/9/2021,false
683,Sanford,Hullot,19,shullotiy@sun.com,Indonesia,,financial constraints,9/21/2021,true
684,Winonah,Hatchell,18,whatchelliz@i2i.jp,Ecuador,,personal reasons,6/10/2020,false
685,Odilia,Pezey,22,opezeyj0@cafepress.com,Russia,652120,financial constraints,4/4/2021,true
686,Sibelle,Wassung,22,swassungj1@live.com,Portugal,4660-215,personal reasons,5/22/2021,true
687,Chandra,Carwithan,24,ccarwithanj2@cdbaby.com,Indonesia,,financial constraints,4/11/2021,true
688,Rafaelia,Cello,23,rcelloj3@constantcontact.com,Albania,,academic difficulties,6/19/2021,false
689,Filia,Lechmere,18,flechmerej4@gravatar.com,Vietnam,,financial constraints,11/20/2020,true
690,Saw,Boatwright,22,sboatwrightj5@ox.ac.uk,China,,academic difficulties,11/12/2021,true
691,Gard,Misson,22,gmissonj6@icq.com,China,,personal reasons,4/29/2020,true
692,Gaston,Othick,21,gothickj7@webmd.com,France,45016 CEDEX 1,personal reasons,2/1/2021,false
693,Guglielmo,Skingle,22,gskinglej8@xinhuanet.com,China,,financial constraints,2/23/2020,false
694,Lotta,Kruschov,21,lkruschovj9@people.com.cn,France,92169 CEDEX,academic difficulties,9/26/2020,false
695,Jarrod,Hatchett,23,jhatchettja@unicef.org,Croatia,40320,financial constraints,1/7/2021,false
696,Gunther,Jacquemard,18,gjacquemardjb@nymag.com,Ireland,E45,financial constraints,9/24/2021,true
697,Amelina,Samweyes,18,asamweyesjc@meetup.com,Panama,,personal reasons,12/27/2021,true
698,Darryl,Really,24,dreallyjd@sogou.com,China,,financial constraints,5/24/2020,true
699,Lorain,Harrigan,19,lharriganje@springer.com,China,,academic difficulties,6/11/2021,true
700,Dion,Beau,21,dbeaujf@sitemeter.com,Portugal,2765-317,academic difficulties,10/5/2021,true
701,Dot,Cahen,23,dcahenjg@time.com,China,,personal reasons,6/20/2020,false
702,Forbes,Gregori,24,fgregorijh@gizmodo.com,Indonesia,,academic difficulties,7/10/2021,true
703,Letizia,Bussel,22,lbusselji@squarespace.com,Czech Republic,742 83,personal reasons,8/25/2021,true
704,Murry,Lackington,24,mlackingtonjj@earthlink.net,Mexico,83450,academic difficulties,4/29/2020,false
705,Tedda,Conroy,18,tconroyjk@bluehost.com,Iran,,financial constraints,10/6/2021,true
706,Rock,Boorne,22,rboornejl@cdbaby.com,Russia,356537,academic difficulties,10/16/2021,false
707,Clair,Couve,20,ccouvejm@plala.or.jp,Portugal,2530-285,academic difficulties,4/13/2020,true
708,Giuditta,Bridgman,20,gbridgmanjn@twitpic.com,Japan,410-0871,personal reasons,10/13/2020,false
709,Binnie,Foystone,20,bfoystonejo@studiopress.com,Indonesia,,personal reasons,6/6/2020,false
710,Marga,Clitheroe,25,mclitheroejp@newsvine.com,Brazil,62880-000,financial constraints,11/18/2020,true
711,Goldie,Northway,25,gnorthwayjq@theguardian.com,Peru,,academic difficulties,5/13/2020,false
712,Brynne,Wycliffe,19,bwycliffejr@ucoz.com,Finland,71201,financial constraints,1/28/2021,true
713,Berget,Odell,25,bodelljs@symantec.com,China,,personal reasons,2/4/2021,true
714,Ellis,Pincked,20,epinckedjt@pagesperso-orange.fr,Latvia,,academic difficulties,1/14/2021,false
715,Arv,Trathan,25,atrathanju@umich.edu,Tanzania,,financial constraints,12/6/2021,false
716,Papagena,Tolson,21,ptolsonjv@dailymail.co.uk,Russia,694752,financial constraints,11/17/2021,true
717,Archibald,Atheis,20,aatheisjw@buzzfeed.com,Portugal,4770-370,financial constraints,7/14/2021,false
718,Randy,Sindall,18,rsindalljx@stumbleupon.com,Russia,242251,financial constraints,11/14/2021,true
719,Nalani,Potteridge,22,npotteridgejy@sourceforge.net,Czech Republic,294 21,financial constraints,6/3/2020,false
720,Xylia,Gier,19,xgierjz@senate.gov,Venezuela,,financial constraints,4/23/2021,false
721,Jeanette,Caney,23,jcaneyk0@devhub.com,China,,personal reasons,5/19/2021,false
722,Gilberte,Serjeantson,25,gserjeantsonk1@thetimes.co.uk,Indonesia,,academic difficulties,8/5/2021,false
723,Renato,Gantz,23,rgantzk2@geocities.com,Sweden,511 58,financial constraints,4/9/2021,false
724,Yetty,Roglieri,21,yroglierik3@pcworld.com,China,,personal reasons,6/26/2021,true
725,Tierney,Carvilla,25,tcarvillak4@last.fm,Sweden,256 55,academic difficulties,1/17/2021,false
726,Melody,Cleminson,23,mcleminsonk5@nationalgeographic.com,Indonesia,,financial constraints,7/11/2021,true
727,Bucky,Kennan,25,bkennank6@umn.edu,Russia,143912,academic difficulties,10/14/2021,false
728,Charleen,Legate,25,clegatek7@cnet.com,Iran,,personal reasons,9/14/2020,false
729,Mercie,Wilmot,20,mwilmotk8@google.ca,France,69604 CEDEX,financial constraints,9/26/2021,false
730,Gwendolyn,Tommen,24,gtommenk9@cafepress.com,Brazil,64500-000,personal reasons,9/21/2020,true
731,Catherine,Moulsdall,25,cmoulsdallka@webeden.co.uk,Ethiopia,,personal reasons,12/15/2020,true
732,Francisco,Greves,24,fgreveskb@storify.com,Morocco,,academic difficulties,5/9/2020,true
733,Amelia,Gladdor,22,agladdorkc@linkedin.com,Chile,,financial constraints,6/30/2021,true
734,Stefania,Cords,25,scordskd@java.com,China,,personal reasons,5/10/2021,true
735,Louella,MacGray,24,lmacgrayke@fc2.com,Afghanistan,,personal reasons,9/18/2021,false
736,Valentine,Ethridge,22,vethridgekf@pen.io,Finland,25830,financial constraints,7/9/2021,true
737,Enrico,Abazi,22,eabazikg@google.pl,Brazil,58550-000,personal reasons,8/7/2021,false
738,Hedwig,Titherington,21,htitheringtonkh@shinystat.com,Germany,18147,personal reasons,9/12/2021,false
739,Revkah,Bryett,21,rbryettki@ucoz.ru,Armenia,,financial constraints,1/19/2020,true
740,Madeline,De la Yglesia,25,mdelayglesiakj@shinystat.com,China,,academic difficulties,5/19/2020,true
741,Ted,Battman,22,tbattmankk@state.tx.us,Sri Lanka,12500,financial constraints,1/10/2020,false
742,Auroora,Blakeston,22,ablakestonkl@ycombinator.com,Jordan,,financial constraints,5/4/2021,true
743,Rodina,Thorns,23,rthornskm@google.com.br,Brazil,28300-000,financial constraints,4/11/2020,true
744,Hernando,Kuscha,21,hkuschakn@xinhuanet.com,Sweden,881 86,academic difficulties,11/4/2021,false
745,Lise,Blowin,22,lblowinko@dot.gov,Serbia,,academic difficulties,6/14/2021,false
746,Raine,Farnall,21,rfarnallkp@bluehost.com,Greece,,personal reasons,4/15/2020,false
747,Hubey,Scatcher,24,hscatcherkq@angelfire.com,United Kingdom,NR34,financial constraints,9/6/2021,true
748,Vinny,Fontanet,25,vfontanetkr@dot.gov,Philippines,1106,financial constraints,3/12/2021,true
749,Susan,Benbough,21,sbenboughks@nature.com,China,,personal reasons,3/12/2020,true
750,Essie,Stollenbeck,23,estollenbeckkt@imdb.com,Belarus,,academic difficulties,11/18/2021,true
751,Maynord,Daniel,20,mdanielku@elpais.com,Philippines,6415,financial constraints,12/20/2021,false
752,Pennie,Madill,22,pmadillkv@bizjournals.com,Trinidad and Tobago,,personal reasons,3/10/2021,false
753,Jerrilyn,Livingstone,23,jlivingstonekw@squarespace.com,Netherlands,1039,academic difficulties,6/10/2020,true
754,Consuelo,Widdecombe,24,cwiddecombekx@alibaba.com,Indonesia,,financial constraints,10/9/2020,false
755,Caresa,Lamplugh,23,clamplughky@1688.com,China,,academic difficulties,6/14/2021,true
756,Bunni,O'Mannion,19,bomannionkz@wisc.edu,France,16999 CEDEX 9,financial constraints,5/31/2021,false
757,Sybila,Willmetts,24,swillmettsl0@phpbb.com,Brazil,99560-000,academic difficulties,11/12/2020,true
758,Katharyn,McFie,19,kmcfiel1@360.cn,Angola,,financial constraints,8/26/2020,false
759,Felicio,Sonner,25,fsonnerl2@hp.com,Japan,987-2224,personal reasons,12/23/2021,false
760,Karlis,Fratson,22,kfratsonl3@plala.or.jp,China,,personal reasons,10/26/2020,true
761,Carita,O'Bradain,24,cobradainl4@umn.edu,Kenya,,academic difficulties,11/11/2020,false
762,Norman,Beartup,19,nbeartupl5@ibm.com,Brazil,64290-000,personal reasons,5/17/2020,true
763,Nikolaos,Kersey,22,nkerseyl6@mlb.com,China,,academic difficulties,6/30/2021,false
764,Stevena,Mattis,19,smattisl7@shop-pro.jp,China,,personal reasons,7/1/2021,true
765,Alexa,Strickett,23,astrickettl8@pinterest.com,Kazakhstan,,academic difficulties,9/3/2021,false
766,Ethel,Giacomazzo,18,egiacomazzol9@mlb.com,Argentina,2124,academic difficulties,5/17/2021,false
767,Barbee,Skegg,20,bskeggla@nationalgeographic.com,Philippines,1715,personal reasons,1/3/2021,false
768,Norbert,Giraldez,20,ngiraldezlb@jalbum.net,Malaysia,57990,academic difficulties,4/17/2021,false
769,Xenos,Lipson,19,xlipsonlc@bravesites.com,Ireland,P61,personal reasons,9/1/2021,true
770,Alard,Fallawe,20,afallaweld@free.fr,China,,academic difficulties,5/20/2021,false
771,Nicol,Kigelman,19,nkigelmanle@wp.com,Brazil,78830-000,financial constraints,5/26/2020,false
772,Jase,Broszkiewicz,18,jbroszkiewiczlf@ucsd.edu,Indonesia,,financial constraints,10/12/2021,true
773,Frank,Sargint,20,fsargintlg@pinterest.com,France,75737 CEDEX 15,financial constraints,6/12/2020,false
774,Nelie,Byers,20,nbyerslh@irs.gov,Uruguay,,financial constraints,5/9/2020,false
775,Olivero,Lunn,19,olunnli@theguardian.com,Djibouti,,financial constraints,11/21/2021,true
776,Cad,Osburn,24,cosburnlj@g.co,Russia,142143,financial constraints,5/1/2021,false
777,Onfre,Cars,20,ocarslk@samsung.com,China,,academic difficulties,9/29/2021,false
778,Winny,Luberto,21,wlubertoll@nationalgeographic.com,Nigeria,,financial constraints,6/11/2021,false
779,Storm,Batcheldor,24,sbatcheldorlm@narod.ru,Vietnam,,personal reasons,9/9/2021,true
780,Danya,Moulsdall,24,dmoulsdallln@mit.edu,Brazil,28360-000,personal reasons,8/30/2021,false
781,Cori,Egalton,24,cegaltonlo@shutterfly.com,Indonesia,,financial constraints,10/2/2021,true
782,Ewart,Biddlecombe,21,ebiddlecombelp@miitbeian.gov.cn,Russia,142817,financial constraints,4/30/2021,false
783,Craggy,Orriss,21,corrisslq@dailymail.co.uk,Czech Republic,735 81,personal reasons,6/24/2021,false
784,Shirley,Leachman,23,sleachmanlr@hugedomains.com,Czech Republic,736 01,academic difficulties,3/6/2020,true
785,Parnell,Fahy,18,pfahyls@purevolume.com,China,,personal reasons,5/2/2020,true
786,Jana,Thyer,22,jthyerlt@parallels.com,Sweden,651 01,financial constraints,7/21/2020,false
787,Heriberto,MacNally,21,hmacnallylu@blogspot.com,Guatemala,13031,personal reasons,3/23/2021,false
788,Janith,McTerlagh,20,jmcterlaghlv@hugedomains.com,Argentina,4500,personal reasons,7/8/2021,false
789,Maisie,Tills,25,mtillslw@ftc.gov,Indonesia,,personal reasons,12/19/2020,false
790,Toby,Millan,23,tmillanlx@seesaa.net,Indonesia,,financial constraints,6/27/2020,true
791,Astrix,Kach,23,akachly@reverbnation.com,Colombia,052818,personal reasons,7/28/2021,false
792,Nancey,Bernardin,23,nbernardinlz@parallels.com,China,,academic difficulties,4/15/2020,false
793,Leicester,Gwatkins,20,lgwatkinsm0@craigslist.org,China,,academic difficulties,10/27/2020,true
794,Codie,Pinckney,21,cpinckneym1@arstechnica.com,Indonesia,,financial constraints,8/11/2021,true
795,Rhianon,Davana,24,rdavanam2@wufoo.com,China,,academic difficulties,9/21/2020,true
796,Karita,Barrar,24,kbarrarm3@domainmarket.com,China,,personal reasons,6/3/2021,false
797,Pauli,Chatwood,20,pchatwoodm4@topsy.com,United States,14652,academic difficulties,2/20/2020,true
798,Candida,Traves,23,ctravesm5@youtu.be,Canada,M5G,financial constraints,3/30/2021,false
799,Ilysa,Steiner,19,isteinerm6@wp.com,China,,personal reasons,5/8/2020,false
800,Abram,Lawrance,24,alawrancem7@123-reg.co.uk,China,,financial constraints,3/10/2020,false
801,Fons,Dwight,25,fdwightm8@twitpic.com,Ireland,D24,financial constraints,9/10/2020,false
802,Jessica,Duchenne,18,jduchennem9@cam.ac.uk,South Korea,,academic difficulties,2/19/2020,false
803,Ara,Taunton,21,atauntonma@technorati.com,Thailand,34280,personal reasons,6/26/2020,false
804,Terrence,Underwood,21,tunderwoodmb@narod.ru,Philippines,9005,financial constraints,6/16/2020,true
805,Rani,Keefe,23,rkeefemc@360.cn,Venezuela,,personal reasons,7/16/2021,true
806,Filbert,La Grange,22,flagrangemd@tuttocitta.it,China,,financial constraints,3/7/2021,false
807,Jerrilyn,Boud,19,jboudme@exblog.jp,Indonesia,,academic difficulties,3/7/2020,true
808,Denver,Kopps,23,dkoppsmf@altervista.org,China,,academic difficulties,9/15/2021,true
809,Cliff,Lumby,22,clumbymg@sciencedaily.com,Malaysia,40990,financial constraints,12/30/2021,false
810,Korney,Coomes,25,kcoomesmh@cdc.gov,New Caledonia,98814,financial constraints,5/18/2020,true
811,Sonny,Ottley,21,sottleymi@nifty.com,Argentina,5470,financial constraints,11/3/2020,true
812,Jorie,Prowting,24,jprowtingmj@stanford.edu,Japan,259-0157,academic difficulties,9/29/2021,false
813,Merry,Venard,22,mvenardmk@cbsnews.com,China,,academic difficulties,4/15/2021,true
814,Winifred,Hainey`,18,whaineyml@abc.net.au,Kosovo,,financial constraints,12/10/2020,true
815,Marin,Triggel,18,mtriggelmm@privacy.gov.au,Portugal,5180-015,academic difficulties,4/13/2020,true
816,Kyle,Boyd,20,kboydmn@networksolutions.com,Cuba,,personal reasons,3/9/2020,false
817,Alva,Carcass,21,acarcassmo@techcrunch.com,Tunisia,,academic difficulties,7/26/2021,false
818,Galven,Duggen,24,gduggenmp@hao123.com,Poland,59-601,personal reasons,3/10/2020,false
819,Perri,Casini,23,pcasinimq@macromedia.com,Mexico,84015,academic difficulties,2/6/2020,false
820,Gaelan,Rego,20,gregomr@prweb.com,Sweden,737 32,academic difficulties,11/28/2020,true
821,Archibald,Kiendl,25,akiendlms@ameblo.jp,Bulgaria,6200,personal reasons,10/1/2021,true
822,Madlin,Tinmouth,24,mtinmouthmt@prlog.org,Japan,729-5122,financial constraints,8/17/2021,true
823,Sherye,Sofe,19,ssofemu@joomla.org,Uzbekistan,,academic difficulties,12/21/2020,false
824,Lyndy,Fairney,23,lfairneymv@reference.com,China,,academic difficulties,12/9/2020,true
825,Nadiya,Ormonde,19,normondemw@hao123.com,Bulgaria,9960,academic difficulties,10/19/2020,true
826,Frankie,Callar,18,fcallarmx@epa.gov,United States,46278,academic difficulties,8/6/2021,true
827,Giorgi,Willeson,23,gwillesonmy@latimes.com,Philippines,4116,financial constraints,12/25/2021,true
828,Mead,Gilcriest,23,mgilcriestmz@usgs.gov,China,,personal reasons,4/10/2020,true
829,Stanly,Skeggs,21,sskeggsn0@bizjournals.com,Indonesia,,academic difficulties,2/4/2021,true
830,Feodor,Godding,18,fgoddingn1@themeforest.net,New Caledonia,98828,personal reasons,7/9/2021,false
831,Hervey,Algate,18,halgaten2@yellowpages.com,Indonesia,,academic difficulties,1/4/2020,false
832,Thayne,Duthy,23,tduthyn3@walmart.com,Kyrgyzstan,,financial constraints,9/11/2020,false
833,Francesco,Kowalski,25,fkowalskin4@reference.com,Yemen,,personal reasons,11/8/2021,true
834,Meade,Frary,24,mfraryn5@angelfire.com,Russia,143020,academic difficulties,10/8/2021,true
835,Elsinore,Rowbottom,18,erowbottomn6@wunderground.com,China,,financial constraints,2/17/2020,false
836,Kennie,Fairburne,22,kfairburnen7@pinterest.com,China,,financial constraints,11/6/2020,true
837,Maegan,Karet,18,mkaretn8@reddit.com,China,,financial constraints,12/12/2021,false
838,Dalila,Shimmin,21,dshimminn9@tuttocitta.it,Tanzania,,personal reasons,1/28/2021,false
839,Ailis,Rexworthy,21,arexworthyna@va.gov,Greece,,financial constraints,5/14/2021,false
840,Sayer,Albers,21,salbersnb@fda.gov,Thailand,74000,financial constraints,9/29/2020,true
841,Ardelia,Yakuntsov,18,ayakuntsovnc@weibo.com,Brazil,07000-000,academic difficulties,3/5/2020,false
842,Mattie,Bloodworth,18,mbloodworthnd@newyorker.com,China,,financial constraints,12/24/2020,true
843,Kamilah,Gaish,18,kgaishne@skyrock.com,Philippines,2416,personal reasons,2/25/2021,false
844,Tonie,Ingleby,19,tinglebynf@virginia.edu,Indonesia,,academic difficulties,2/13/2021,true
845,Janean,Dami,18,jdaming@msu.edu,Mexico,71200,financial constraints,9/29/2020,true
846,Minor,Ambrogioli,22,mambrogiolinh@wix.com,Indonesia,,financial constraints,6/1/2020,false
847,Donall,Hort,23,dhortni@zimbio.com,China,,financial constraints,1/6/2021,false
848,Dorthea,O'Downe,19,dodownenj@nps.gov,Sweden,355 92,academic difficulties,1/11/2021,true
849,Nadean,Kinney,20,nkinneynk@yandex.ru,Indonesia,,academic difficulties,4/21/2020,false
850,Karrah,Hukins,22,khukinsnl@domainmarket.com,Albania,,financial constraints,9/17/2021,false
851,Hedvige,Coneley,18,hconeleynm@tumblr.com,Maldives,,academic difficulties,11/19/2021,true
852,Courtenay,MacGettigen,19,cmacgettigennn@people.com.cn,Czech Republic,549 01,financial constraints,2/22/2021,true
853,Jade,Gidley,22,jgidleyno@cloudflare.com,United States,80243,academic difficulties,5/31/2021,false
854,Abagail,Smythe,24,asmythenp@netscape.com,China,,personal reasons,1/15/2020,true
855,Alta,Waudby,19,awaudbynq@drupal.org,Finland,90451,personal reasons,12/9/2020,false
856,Enrichetta,Kerkham,18,ekerkhamnr@aboutads.info,Honduras,,financial constraints,6/28/2021,false
857,Mathe,Wakeford,19,mwakefordns@tripadvisor.com,Cyprus,,academic difficulties,5/30/2021,false
858,Jasmin,Basnett,20,jbasnettnt@qq.com,China,,academic difficulties,11/4/2020,false
859,Alexander,Counihan,21,acounihannu@bigcartel.com,Philippines,1105,personal reasons,8/12/2021,true
860,Wini,Geockle,22,wgeocklenv@gnu.org,Vietnam,,financial constraints,12/28/2020,true
861,Lilith,McCutheon,19,lmccutheonnw@businessweek.com,Russia,628126,financial constraints,10/9/2021,false
862,Kaiser,Kobieriecki,19,kkobierieckinx@patch.com,China,,personal reasons,7/18/2021,false
863,Niko,Linner,23,nlinnerny@devhub.com,Portugal,2070-615,personal reasons,5/20/2021,true
864,Tonye,Whittles,21,twhittlesnz@weebly.com,Mexico,51355,personal reasons,8/16/2021,false
865,Terrell,Rowcastle,25,trowcastleo0@google.fr,China,,financial constraints,5/29/2020,true
866,Carolynn,Barbour,19,cbarbouro1@imageshack.us,Philippines,4326,personal reasons,4/13/2020,true
867,Pansie,Glenn,18,pglenno2@goo.ne.jp,Indonesia,,personal reasons,4/23/2020,true
868,Trenton,Hackin,23,thackino3@ebay.com,Colombia,814018,financial constraints,1/28/2021,false
869,Debby,Whitwam,20,dwhitwamo4@uol.com.br,Indonesia,,personal reasons,10/9/2020,true
870,Montgomery,Boichat,19,mboichato5@about.me,China,,financial constraints,9/8/2021,true
871,Augustine,Claxson,23,aclaxsono6@gravatar.com,Philippines,9003,academic difficulties,1/4/2020,true
872,Iseabal,Ezele,18,iezeleo7@imageshack.us,Colombia,230029,personal reasons,12/11/2021,false
873,Kent,Gandy,24,kgandyo8@smugmug.com,Portugal,2420-267,financial constraints,12/14/2021,true
874,Ginevra,Bute,22,gbuteo9@technorati.com,Cameroon,,financial constraints,3/23/2021,true
875,Juana,Toll,23,jtolloa@cbsnews.com,South Africa,9744,personal reasons,5/9/2021,true
876,Shandie,Geater,25,sgeaterob@tripadvisor.com,Brazil,88870-000,academic difficulties,2/6/2021,true
877,Augustine,Pauluzzi,24,apauluzzioc@simplemachines.org,Thailand,54120,financial constraints,10/16/2020,false
878,Saloma,Granville,25,sgranvilleod@samsung.com,Brazil,13465-000,personal reasons,3/18/2020,false
879,Sidnee,Persey,23,sperseyoe@barnesandnoble.com,Indonesia,,academic difficulties,8/18/2021,true
880,Raeann,Pocock,18,rpocockof@wikia.com,Philippines,1218,personal reasons,1/31/2021,false
881,Latisha,Mellodey,25,lmellodeyog@infoseek.co.jp,South Korea,,academic difficulties,4/7/2021,true
882,Biddy,Roke,24,brokeoh@gravatar.com,Poland,22-550,financial constraints,3/14/2021,true
883,Lauri,Joyson,22,ljoysonoi@sourceforge.net,Indonesia,,personal reasons,6/8/2020,true
884,Sutton,Borchardt,24,sborchardtoj@paypal.com,China,,academic difficulties,3/15/2020,true
885,King,Gaunter,18,kgaunterok@php.net,Honduras,,academic difficulties,8/4/2021,true
886,Merry,McFarlane,23,mmcfarlaneol@miitbeian.gov.cn,China,,personal reasons,2/3/2020,false
887,Juliet,Levy,25,jlevyom@g.co,Russia,142817,personal reasons,6/19/2020,true
888,Myrilla,Skipsey,20,mskipseyon@usatoday.com,Botswana,,financial constraints,8/18/2020,true
889,Gamaliel,Hebden,20,ghebdenoo@ocn.ne.jp,Germany,45473,personal reasons,3/5/2020,true
890,Antonia,Thurborn,25,athurbornop@lycos.com,Thailand,65150,academic difficulties,7/22/2021,false
891,Lodovico,Martinolli,20,lmartinollioq@rambler.ru,Poland,34-130,personal reasons,7/1/2020,false
892,Elysha,Pearmain,19,epearmainor@miitbeian.gov.cn,Indonesia,,personal reasons,3/13/2021,false
893,Rosalind,Lutwidge,21,rlutwidgeos@blogspot.com,China,,personal reasons,12/18/2020,false
894,Gerrie,Willmot,24,gwillmotot@cornell.edu,Sweden,461 42,academic difficulties,2/20/2020,true
895,Cyrille,Tew,20,ctewou@harvard.edu,Zimbabwe,,financial constraints,5/1/2020,true
896,Dorris,Blondelle,22,dblondelleov@mapquest.com,Venezuela,,financial constraints,11/6/2021,false
897,Annamaria,Grishechkin,21,agrishechkinow@shop-pro.jp,Russia,347639,academic difficulties,8/26/2021,false
898,Eli,Dawidsohn,22,edawidsohnox@mail.ru,Russia,452630,personal reasons,1/19/2021,true
899,Murray,Paler,23,mpaleroy@t.co,China,,academic difficulties,6/24/2021,true
900,Maryjo,McRonald,19,mmcronaldoz@dedecms.com,China,,financial constraints,12/22/2020,true
901,Leupold,Trench,21,ltrenchp0@techcrunch.com,Philippines,2419,financial constraints,12/16/2020,true
902,Wini,Meggison,18,wmeggisonp1@ezinearticles.com,Poland,39-210,academic difficulties,11/29/2020,true
903,Janek,Bresnen,21,jbresnenp2@dell.com,Poland,21-306,academic difficulties,12/7/2021,true
904,Hewie,Garrard,22,hgarrardp3@wikispaces.com,Germany,40591,personal reasons,10/20/2021,false
905,Thorndike,Shee,19,tsheep4@nyu.edu,Ukraine,,academic difficulties,9/6/2020,false
906,Cecily,Demangeot,20,cdemangeotp5@yellowbook.com,Indonesia,,financial constraints,10/21/2020,false
907,Rozina,Morton,25,rmortonp6@fastcompany.com,China,,financial constraints,12/7/2021,true
908,Augy,Hamner,25,ahamnerp7@newsvine.com,Tunisia,,personal reasons,5/1/2021,false
909,Enrika,Copozio,18,ecopoziop8@ucoz.com,Indonesia,,financial constraints,7/1/2020,true
910,Neila,Vannar,19,nvannarp9@pagesperso-orange.fr,Myanmar,,academic difficulties,7/28/2020,false
911,Jonis,Ralestone,22,jralestonepa@nps.gov,China,,financial constraints,3/19/2020,false
912,Valeria,Hawarden,23,vhawardenpb@xing.com,Italy,19139,academic difficulties,4/17/2020,true
913,Beatrix,Gasgarth,20,bgasgarthpc@mysql.com,Italy,16124,academic difficulties,3/31/2020,true
914,Ambrose,Clemintoni,19,aclemintonipd@hao123.com,China,,academic difficulties,3/8/2020,true
915,Darcey,New,20,dnewpe@jiathis.com,South Africa,4935,personal reasons,9/13/2021,false
916,Suzy,Sharper,25,ssharperpf@tuttocitta.it,China,,personal reasons,6/26/2020,false
917,Davon,Brightie,18,dbrightiepg@twitpic.com,China,,academic difficulties,3/30/2021,true
918,Man,Schumacher,19,mschumacherph@weather.com,Indonesia,,financial constraints,7/20/2020,false
919,Maud,Sarfass,19,msarfasspi@hp.com,China,,academic difficulties,6/15/2021,true
920,Vivi,Mordie,22,vmordiepj@stanford.edu,Sweden,103 16,personal reasons,9/9/2020,false
921,Valdemar,Choldcroft,23,vcholdcroftpk@berkeley.edu,Ecuador,,personal reasons,3/17/2021,false
922,Garrott,Donet,18,gdonetpl@indiegogo.com,Thailand,37180,personal reasons,12/1/2021,true
923,Bunny,Riddeough,19,briddeoughpm@unc.edu,Egypt,,academic difficulties,10/26/2021,false
924,Beatriz,Filtness,20,bfiltnesspn@arstechnica.com,Canada,S4H,academic difficulties,9/1/2020,false
925,Sharia,Davitt,24,sdavittpo@pbs.org,Peru,,personal reasons,10/28/2021,true
926,Paddie,Paddie,18,ppaddiepp@newyorker.com,Russia,356235,academic difficulties,11/1/2020,true
927,Maryanna,Baughan,24,mbaughanpq@accuweather.com,Laos,,academic difficulties,8/26/2021,false
928,Uta,Adamczyk,18,uadamczykpr@google.ru,Sweden,393 59,personal reasons,1/2/2021,false
929,Byron,Kalker,18,bkalkerps@google.com.br,Philippines,5022,personal reasons,7/9/2021,false
930,Hazel,Spragg,25,hspraggpt@prnewswire.com,France,87041 CEDEX 1,financial constraints,12/8/2020,true
931,Latia,Norres,18,lnorrespu@toplist.cz,China,,personal reasons,10/18/2020,true
932,Rosy,Kliemann,19,rkliemannpv@stanford.edu,Peru,,financial constraints,1/16/2020,false
933,Bennett,Borgnol,22,bborgnolpw@newyorker.com,China,,personal reasons,11/14/2021,true
934,Andros,Alner,25,aalnerpx@booking.com,Greece,,financial constraints,12/27/2021,false
935,Audrie,Eannetta,22,aeannettapy@nature.com,Indonesia,,financial constraints,6/6/2020,true
936,Shae,Diss,23,sdisspz@bravesites.com,Poland,43-365,academic difficulties,4/13/2021,true
937,Bobine,Checo,23,bchecoq0@hao123.com,Indonesia,,academic difficulties,11/14/2021,true
938,Jessie,Cromleholme,21,jcromleholmeq1@addthis.com,Indonesia,,academic difficulties,4/3/2020,true
939,Artemis,Fairy,23,afairyq2@amazon.de,Greece,,personal reasons,10/24/2020,true
940,Trey,Bewick,19,tbewickq3@mlb.com,Sierra Leone,,financial constraints,1/14/2020,true
941,Venus,Handley,23,vhandleyq4@statcounter.com,Indonesia,,academic difficulties,1/28/2020,false
942,Olia,Cockton,25,ococktonq5@shutterfly.com,Indonesia,,academic difficulties,3/6/2021,true
943,Zarah,Liell,21,zliellq6@livejournal.com,Belarus,,academic difficulties,3/4/2020,true
944,Willyt,Durtnel,19,wdurtnelq7@privacy.gov.au,France,68504 CEDEX,financial constraints,6/28/2020,true
945,Kristien,Wildey,25,kwildeyq8@booking.com,Brazil,14150-000,personal reasons,8/11/2020,false
946,Junina,Lared,25,jlaredq9@ning.com,China,,personal reasons,8/16/2020,true
947,Celestia,Hullett,21,chullettqa@usatoday.com,Pakistan,34201,academic difficulties,11/27/2020,true
948,Don,Decort,22,ddecortqb@addthis.com,United States,99709,financial constraints,10/24/2020,true
949,Bethanne,Wildash,25,bwildashqc@un.org,Russia,673475,financial constraints,1/22/2020,true
950,Alic,Wadeson,20,awadesonqd@bloomberg.com,Philippines,7037,academic difficulties,9/27/2021,false
951,Reade,Greene,22,rgreeneqe@amazonaws.com,Philippines,6415,financial constraints,10/19/2021,false
952,Zelma,Colleford,23,zcollefordqf@theatlantic.com,United States,30316,academic difficulties,1/18/2021,true
953,Roderich,MacCostigan,25,rmaccostiganqg@wp.com,Costa Rica,70101,academic difficulties,5/29/2021,true
954,Ninette,Shevell,19,nshevellqh@archive.org,Indonesia,,personal reasons,6/10/2021,true
955,Cecile,Brasted,22,cbrastedqi@springer.com,Poland,39-306,financial constraints,12/27/2021,false
956,Modesty,Braben,23,mbrabenqj@usgs.gov,Russia,625516,academic difficulties,11/20/2021,true
957,Eugenius,Kollach,18,ekollachqk@imageshack.us,Spain,29015,financial constraints,4/27/2020,false
958,Jeramie,Lassetter,22,jlassetterql@imdb.com,China,,personal reasons,7/19/2020,false
959,Michaela,Lewsy,20,mlewsyqm@vkontakte.ru,Philippines,1128,personal reasons,3/16/2021,false
960,Nikkie,McCallam,21,nmccallamqn@pcworld.com,Indonesia,,financial constraints,1/3/2021,false
961,Emmeline,Gheeraert,25,egheeraertqo@symantec.com,Peru,,financial constraints,8/6/2021,false
962,Stacie,Trevaskus,25,strevaskusqp@w3.org,Russia,170513,academic difficulties,3/16/2021,true
963,Cherida,Hawksley,20,chawksleyqq@wisc.edu,Indonesia,,academic difficulties,8/28/2020,false
964,Wandie,Fiddeman,18,wfiddemanqr@wix.com,Brazil,27570-000,financial constraints,5/24/2020,true
965,Lorelei,Deer,24,ldeerqs@rediff.com,Ireland,V31,financial constraints,4/11/2021,true
966,Nikoletta,Eate,20,neateqt@globo.com,Russia,301649,academic difficulties,4/11/2021,false
967,Craggie,Boutellier,18,cboutellierqu@yellowbook.com,Poland,86-122,academic difficulties,2/1/2020,true
968,Yehudi,Iacomettii,18,yiacomettiiqv@wisc.edu,Indonesia,,academic difficulties,12/28/2021,false
969,Carlos,Chesshyre,21,cchesshyreqw@sohu.com,Syria,,academic difficulties,9/7/2020,false
970,Ermina,Oxbie,19,eoxbieqx@list-manage.com,U.S. Virgin Islands,00851,academic difficulties,11/13/2021,false
971,Wynnie,Hodgets,25,whodgetsqy@msn.com,Indonesia,,personal reasons,10/18/2020,false
972,Chevy,Oxborrow,22,coxborrowqz@mashable.com,Brazil,61900-000,academic difficulties,12/22/2021,false
973,Worthy,McReidy,22,wmcreidyr0@wisc.edu,China,,personal reasons,7/3/2020,false
974,Vail,Hartil,20,vhartilr1@de.vu,China,,academic difficulties,8/25/2021,true
975,Constancy,Meddick,19,cmeddickr2@aol.com,Slovenia,5297,personal reasons,5/16/2020,false
976,Brien,Jupe,19,bjuper3@irs.gov,China,,academic difficulties,9/2/2021,true
977,Billie,Shear,18,bshearr4@mail.ru,Sweden,231 91,financial constraints,12/16/2021,false
978,Charyl,Cockerton,19,ccockertonr5@ycombinator.com,Indonesia,,personal reasons,8/10/2020,true
979,Natty,Guisler,25,nguislerr6@github.io,China,,personal reasons,7/15/2020,true
980,Camala,Callum,21,ccallumr7@flavors.me,Yemen,,financial constraints,5/17/2021,true
981,Marshal,Sedgemond,25,msedgemondr8@is.gd,Philippines,4005,personal reasons,10/30/2021,true
982,Jerald,Noden,18,jnodenr9@toplist.cz,Indonesia,,personal reasons,10/28/2020,true
983,Maure,Danher,23,mdanherra@yahoo.co.jp,Indonesia,,academic difficulties,5/17/2021,false
984,Les,Chivers,24,lchiversrb@amazon.de,Latvia,,financial constraints,5/12/2021,false
985,Albert,Craggs,20,acraggsrc@cnn.com,Nigeria,,personal reasons,7/8/2020,true
986,Yance,Furley,25,yfurleyrd@ted.com,Indonesia,,personal reasons,5/19/2021,true
987,Leesa,Barten,24,lbartenre@uol.com.br,Somalia,,financial constraints,8/6/2021,false
988,Marina,Bodycomb,23,mbodycombrf@discovery.com,Vietnam,,academic difficulties,1/13/2020,false
989,Johnnie,Weathey,22,jweatheyrg@1688.com,Mongolia,,academic difficulties,3/15/2020,false
990,Milli,Loache,24,mloacherh@cbslocal.com,Poland,16-101,academic difficulties,5/13/2021,true
991,Liz,Truran,19,ltruranri@ocn.ne.jp,Brazil,58322-000,financial constraints,5/30/2020,false
992,Byrom,Peracco,23,bperaccorj@fema.gov,Brazil,57230-000,academic difficulties,1/14/2020,false
993,Georgette,Mustchin,24,gmustchinrk@dailymail.co.uk,Madagascar,,financial constraints,10/20/2020,false
994,Meredith,Penritt,20,mpenrittrl@storify.com,Canada,V9C,academic difficulties,7/11/2020,true
995,Dollie,Wessell,19,dwessellrm@facebook.com,Saudi Arabia,,financial constraints,1/13/2021,false
996,Agnese,Franek,21,afranekrn@tripadvisor.com,China,,personal reasons,9/18/2020,true
997,Maxi,Stirland,19,mstirlandro@paypal.com,Portugal,8400-603,personal reasons,12/4/2021,true
998,Mord,Chotty,24,mchottyrp@360.cn,China,,financial constraints,5/23/2021,false
999,Myra,Licquorish,19,mlicquorishrq@purevolume.com,Russia,446254,academic difficulties,10/24/2020,false
1000,Alvan,Allans,24,aallansrr@fastcompany.com,Canada,J3V,academic difficulties,11/17/2021,true
